14.4,16.8
15.2,14.7,16.4
4.3,11.0
4.4,11.0,11.0
4.3,6.4
4.3,6.2,8.3
14.8,18.5
14.7,14.8
4.4,6.4
14.4,16.8
15.2,14.7,16.4
4.3,11.0
4.4,11.0,11.0
4.3,6.4
4.3,6.2,8.3
13.4,16.1
14.7,14.8
2.4,11.0
4.4,6.4
14.4,21.0
14.3,16.6,18.3
3.4,6.1
14.7,14.8
15.2,15.4
14.7,16.2
16.1,17.8
14.4,16.4
5.8,12.0
10.9,21.0
4.4,6.8
5.2,6.4
4.7,11.0
3.4,6.1
14.3,15.9
15.1,16.9
4.7,4.8
14.3,16.5
10.5,21.0
4.4,6.8
5.2,6.4
4.7,11.0
3.4,6.1
14.8,18.5
13.8,17.3,17.5
14.7,16.4
4.7,4.8
10.5,21.0
4.3,11.0
4.3,6.6,8.3
2.2,4.6,11.0
5.2,5.6
4.7,6.2
14.8,18.5
6.1,7.8
14.4,16.4
10.5,21.0
4.3,11.0
4.3,6.6,8.3
2.2,4.6,11.0
5.2,5.6
4.7,6.2
6.1,7.8
2.1,15.3
10.8,21.0
4.3,11.0
4.3,6.6,8.3
4.0,6.1
3.0,6.2
14.7,14.8
15.2,15.4
14.7,16.2
6.1,7.8
14.4,17.2
10.5,14.1
4.3,11.0
4.3,6.6,8.3
4.0,6.1
3.0,6.2
14.7,14.8
14.2,14.7
6.1,7.8
2.1,15.3
14.4,16.4
10.8,21.0
4.3,11.0
4.3,6.6,8.3
3.4,6.1
14.7,14.8
15.2,15.4
14.7,16.2
6.1,7.8
14.4,17.2
10.5,13.6
4.3,11.0
4.3,6.6,8.3
3.4,6.1
14.8,18.5
14.7,14.8
14.2,14.7
6.1,7.8
5.8,12.0
10.9,21.0
4.4,6.4,8.9
6.3,8.6
4.3,6.8,7.8,11.0
5.2,5.5
4.7,6.2
14.3,15.9
15.1,16.9
14.3,16.5
10.5,21.0
4.4,6.4,8.9
6.3,8.6
4.3,6.8,7.8,11.0
5.2,5.5
4.7,6.2
13.8,17.3,17.5
14.7,16.4
4.5,11.0
14.4,21.0
14.3,16.6,18.3
5.9,21.0
3.4,6.1
14.8,18.5
4.7,4.8
4.2,5.2
16.1,17.8
2.1,15.3
10.8,21.0
4.4,6.4,8.9
6.3,8.6
4.3,11.0
4.4,11.0,11.0
4.3,6.4
4.3,6.2,8.3
14.7,14.8
15.2,15.5
14.7,16.2
14.4,17.2
10.5,14.1
4.4,6.4,8.9
6.2,11.0
6.3,8.6
4.3,11.0
4.4,11.0,11.0
4.3,6.4
4.3,6.2,8.3
14.7,14.8
14.2,14.7
2.1,18.3
14.3,16.5
10.8,21.0
4.4,6.4,8.9
6.3,8.6
3.4,6.1
14.7,14.8
15.2,15.4
14.7,16.2
13.8,17.3,17.5
14.7,16.4
14.4,17.2
5.8,16.5
10.9,14.2
4.4,6.4,8.9
6.2,11.0
6.3,8.6
3.4,6.1
14.3,15.9
15.1,16.9
14.7,14.8
14.2,14.7
14.4,16.4
5.8,12.0
10.9,21.0
3.4,6.0
4.3,6.8,8.3,11.0
5.2,5.5
4.7,6.2
14.3,15.9
15.1,16.9
14.3,16.5
10.5,21.0
3.4,6.0
4.3,6.8,8.3,11.0
5.2,5.5
4.7,6.2
14.8,18.5
13.8,17.3,17.5
14.7,16.4
2.1,15.3
14.4,16.4
10.8,21.0
3.4,6.0
4.3,11.0
4.4,11.0,11.0
4.3,6.4
4.3,6.2,8.3
14.7,14.8
15.2,15.5
14.7,16.2
14.4,17.2
10.5,13.6
3.4,6.0
6.2,11.0
4.3,11.0
4.4,11.0,11.0
4.3,6.4
4.3,6.2,8.3
14.8,18.5
14.7,14.8
14.2,14.7
2.1,18.3
14.3,16.5
10.8,21.0
3.4,6.0
4.0,6.1
3.0,6.2
14.7,14.8
15.2,15.4
14.7,16.2
13.8,17.3,17.5
14.7,16.4
14.4,17.2
5.8,16.5
10.9,14.2
3.4,6.0
6.2,11.0
4.0,6.1
3.0,6.2
14.3,15.9
15.1,16.9
14.7,14.8
14.2,14.7
14.4,16.4,18.9
16.3,18.6
4.3,6.8,7.8,11.0
5.2,5.5
4.7,6.2
14.3,16.1,17.6
14.3,14.5
14.3,16.6,18.4
15.1,16.9,19.8
14.3,16.5
10.8,21.0
4.4,6.8
4.4,6.4,8.9
4.3,11.0
3.4,6.1
15.2,15.4
14.7,16.2
14.8,18.5
14.7,16.4
4.7,4.8
5.8,12.0
11.2,14.1
4.4,6.8
4.4,6.4,8.9
6.2,11.0
4.3,11.0
3.4,6.1
15.1,16.9
14.2,14.7
4.7,4.8
14.3,16.5
10.8,21.0
4.4,6.8
4.4,6.4,8.9
5.2,5.5
4.7,6.2
3.0,6.2
14.3,15.9
14.7,16.4
4.7,4.8
5.8,12.0
11.2,21.0
4.4,6.8
4.4,6.4,8.9
5.2,5.5
4.7,6.2
3.0,6.2
15.1,16.9
13.8,17.3,17.5
4.7,4.8
10.8,14.1
4.4,6.8
4.4,6.4,8.9
6.2,11.0
4.4,11.0,11.0
4.3,6.4
4.3,6.2,8.3
14.3,15.9
14.2,14.7
4.7,4.8
10.8,21.0
4.4,6.8
4.4,6.4,8.9
4.4,11.0,11.0
4.3,6.4
4.3,6.2,8.3
15.2,15.5
14.7,16.2
14.8,18.5
13.8,17.3,17.5
4.7,4.8
14.3,16.5
10.8,21.0
3.4,6.0
4.3,6.8,7.8,11.0
4.0,6.1
15.2,15.4
14.7,16.2
14.8,18.5
14.7,16.4
6.1,7.8
5.8,12.0
11.2,14.1
3.4,6.0
6.2,11.0
4.3,6.8,7.8,11.0
4.0,6.1
15.1,16.9
14.2,14.7
6.1,7.8
2.1,15.3
14.3,16.5
10.8,21.0
3.4,6.0
5.2,5.5
4.7,6.2
3.0,6.2
14.7,14.8
14.7,16.4
6.1,7.8
14.4,17.2
14.4,16.4
5.8,16.5
11.2,21.0
3.4,6.0
5.2,5.5
4.7,6.2
3.0,6.2
15.1,16.9
14.7,14.8
6.1,7.8
2.7,5.8
14.4,16.4,18.9
16.3,18.6
4.3,6.8,7.8,11.0
5.2,5.6
4.7,6.2
13.4,16.1
3.8,6.4,8.0
5.1,6.9
2.1,15.3
10.8,14.1
3.4,6.0
6.2,11.0
4.4,11.0,11.0
4.3,6.4
4.3,6.2,8.3
14.7,14.8
14.2,14.7
6.1,7.8
14.4,17.2
14.4,16.4
10.8,21.0
3.4,6.0
4.4,11.0,11.0
4.3,6.4
4.3,6.2,8.3
15.2,15.5
14.7,16.2
14.8,18.5
14.7,14.8
6.1,7.8
14.3,16.5
10.8,21.0
5.2,6.4
4.7,11.0
6.3,8.6
4.3,6.8,7.8,11.0
4.0,6.1
14.3,15.9
14.7,16.4
5.8,12.0
11.2,21.0
5.2,6.4
4.7,11.0
6.3,8.6
4.3,6.8,7.8,11.0
4.0,6.1
15.1,16.9
13.8,17.3,17.5
2.1,15.3
14.3,16.5
10.8,21.0
5.2,6.4
4.7,11.0
6.3,8.6
4.3,11.0
3.4,6.1
14.7,14.8
14.7,16.4
14.4,17.2
14.4,16.4
5.8,16.5
11.2,21.0
5.2,6.4
4.7,11.0
6.3,8.6
4.3,11.0
3.4,6.1
15.1,16.9
14.7,14.8
2.1,16.4
10.8,21.0
5.2,6.4
4.7,11.0
6.3,8.6
4.4,11.0,11.0
4.3,6.4
4.3,6.2,8.3
14.7,14.8
13.8,17.3,17.5
14.4,17.2
14.4,16.4
10.8,21.0
5.2,6.4
4.7,11.0
6.3,8.6
4.4,11.0,11.0
4.3,6.4
4.3,6.2,8.3
14.3,15.9
14.7,14.8
10.8,14.1
4.3,11.0
4.3,6.6,8.3
6.5,11.0
4.3,6.8,7.8,11.0
4.0,6.1
14.3,15.9
14.2,14.7
10.8,21.0
4.3,11.0
4.3,6.6,8.3
4.3,6.8,7.8,11.0
4.0,6.1
15.2,15.4
14.7,16.2
14.8,18.5
13.8,17.3,17.5
2.4,11.0
14.4,16.4,18.9
16.3,18.6
4.3,11.0
4.4,11.0,11.0
4.3,6.4
4.3,6.2,8.3
14.7,14.8
15.2,15.5
14.7,16.2
2.1,15.3
10.8,14.1
4.3,11.0
4.3,6.6,8.3
6.5,11.0
4.3,11.0
3.4,6.1
14.7,14.8
14.2,14.7
14.4,17.2
14.4,16.4
10.8,21.0
4.3,11.0
4.3,6.6,8.3
4.3,11.0
3.4,6.1
15.2,15.4
14.7,16.2
14.8,18.5
14.7,14.8
2.1,16.4
10.8,21.0
4.3,11.0
4.3,6.6,8.3
5.2,5.6
4.7,6.2
3.0,6.2
14.7,14.8
13.8,17.3,17.5
14.4,17.2
14.4,16.4
10.8,21.0
4.3,11.0
4.3,6.6,8.3
5.2,5.6
4.7,6.2
3.0,6.2
14.3,15.9
14.7,14.8
10.5,26.0
1.8,6.0
4.3,11.0
4.4,11.0,11.0
4.3,6.4
4.3,6.2,8.3
14.8,18.5
19.4,21.4
10.5,26.0
4.3,11.0
4.4,11.0,11.0
4.3,6.4
4.3,6.2,8.3
5.8,11.6
10.9,26.0
1.8,6.0
4.0,6.1
3.0,6.2
14.3,15.9
15.1,16.9
19.3,21.4
10.5,26.0
1.8,6.0
4.0,6.1
3.0,6.2
18.8,22.3,22.6
20.1,21.9
19.4,21.4
5.8,11.6
10.9,26.0
3.4,6.1
14.3,15.9
15.1,16.9
19.3,21.4
10.5,26.0
1.8,6.0
3.4,6.1
14.8,18.5
18.8,22.3,22.6
20.1,21.9
4.5,11.0
14.4,16.4,18.9
5.9,16.2
16.3,18.6
4.3,11.0
4.4,11.0,11.0
4.3,6.4
4.3,6.2,8.3
13.4,16.1
4.7,4.8
4.2,5.2
10.5,26.0
3.3,6.0
2.2,4.6,11.0
5.2,5.6
4.7,6.2
14.8,18.5
19.4,21.4
10.5,26.0
3.3,6.0
2.2,4.6,11.0
5.2,5.6
4.7,6.2
2.1,15.6
10.5,14.0
3.3,6.0
4.0,6.1
3.0,6.2
14.7,14.8
14.7,15.0
19.3,21.8
10.5,20.2
3.3,6.0
4.0,6.1
3.0,6.2
19.7,19.8
19.2,19.7
2.1,15.6
19.4,21.4
10.5,14.0
3.3,6.0
3.4,6.1
14.7,14.8
14.7,15.0
19.3,21.8
10.5,20.2
3.3,6.0
3.4,6.1
14.8,18.5
19.7,19.8
19.2,19.7
5.8,11.6
10.9,26.0
4.3,6.8,7.8,11.0
5.2,5.6
4.7,6.2
14.3,15.9
15.1,16.9
19.3,21.4
10.5,26.0
4.3,6.8,7.8,11.0
5.2,5.6
4.7,6.2
18.8,22.3,22.6
20.1,21.9
2.1,15.6
10.5,14.0
4.3,11.0
4.4,11.0,11.0
4.3,6.4
4.3,6.2,8.3
14.7,14.8
14.7,15.1
19.3,21.8
10.5,20.2
4.3,11.0
4.4,11.0,11.0
4.3,6.4
4.3,6.2,8.3
19.7,19.8
19.2,19.7
2.4,11.0
2.7,5.8
14.4,16.4,18.9
16.3,18.6
3.4,6.1
14.7,14.8
15.2,15.4
14.7,16.2
3.8,6.4,8.0
5.1,6.9
2.1,15.6
19.3,21.4
10.5,14.0
3.4,6.1
14.7,14.8
14.7,15.0
18.8,22.3,22.6
20.1,21.9
19.3,21.8
5.8,11.6
10.9,20.2
3.4,6.1
14.3,15.9
15.1,16.9
19.7,19.8
19.2,19.7
19.4,21.4
5.8,11.6
10.9,26.0
4.3,6.8,8.3,11.0
5.2,5.6
4.7,6.2
14.3,15.9
15.1,16.9
19.3,21.4
10.5,26.0
4.3,6.8,8.3,11.0
5.2,5.6
4.7,6.2
14.8,18.5
18.8,22.3,22.6
20.1,21.9
2.1,15.6
19.4,21.4
10.5,14.0
4.3,11.0
4.4,11.0,11.0
4.3,6.4
4.3,6.2,8.3
14.7,14.8
14.7,15.1
19.3,21.8
10.5,20.2
4.3,11.0
4.4,11.0,11.0
4.3,6.4
4.3,6.2,8.3
14.8,18.5
19.7,19.8
19.2,19.7
2.1,15.6
19.3,21.4
10.5,14.0
4.0,6.1
3.0,6.2
14.7,14.8
14.7,15.0
18.8,22.3,22.6
20.1,21.9
19.3,21.8
5.8,11.6
10.9,20.2
4.0,6.1
3.0,6.2
14.3,15.9
15.1,16.9
19.7,19.8
19.2,19.7
19.3,21.4
10.5,13.6
1.8,6.0
4.3,11.0
3.4,6.1
14.7,15.0
14.8,18.5
20.1,21.9
5.8,11.6
10.9,20.2
4.3,11.0
3.4,6.1
15.1,16.9
19.2,19.7
4.5,11.0
14.4,16.4,18.9
5.9,16.2
16.3,18.6
3.4,6.1
14.3,16.1,17.6
14.3,14.5
14.3,16.6,18.4
15.1,16.9,19.8
4.2,5.9
19.3,21.4
10.5,26.0
1.8,6.0
5.2,5.6
4.7,6.2
3.0,6.2
14.3,15.9
20.1,21.9
5.8,11.6
10.9,26.0
1.8,6.0
5.2,5.6
4.7,6.2
3.0,6.2
15.1,16.9
18.8,22.3,22.6
10.5,20.2
4.4,11.0,11.0
4.3,6.4
4.3,6.2,8.3
14.3,15.9
19.2,19.7
10.5,13.6
1.8,6.0
4.4,11.0,11.0
4.3,6.4
4.3,6.2,8.3
14.7,15.1
14.8,18.5
18.8,22.3,22.6
19.3,21.4
10.5,13.6
4.3,6.8,7.8,11.0
4.0,6.1
14.7,15.0
14.8,18.5
20.1,21.9
5.8,11.6
10.9,20.2
4.3,6.8,7.8,11.0
4.0,6.1
15.1,16.9
19.2,19.7
2.1,15.6
19.3,21.4
10.5,26.0
5.2,5.6
4.7,6.2
3.0,6.2
14.7,14.8
20.1,21.9
19.3,21.8
19.4,21.4
5.8,11.6
10.9,26.0
5.2,5.6
4.7,6.2
3.0,6.2
15.1,16.9
19.7,19.8
2.1,15.6
10.5,20.2
4.4,11.0,11.0
4.3,6.4
4.3,6.2,8.3
14.7,14.8
19.2,19.7
19.3,21.8
19.4,21.4
10.5,13.6
4.4,11.0,11.0
4.3,6.4
4.3,6.2,8.3
14.7,15.1
14.8,18.5
19.7,19.8
4.4,6.4
13.4,16.0
4.3,6.8,8.3,11.0
5.2,5.5
4.7,6.2
14.3,16.1,17.6
14.3,14.5
14.3,16.6,18.4
15.1,16.9,19.8
19.3,21.4
10.5,26.0
4.3,6.8,7.8,11.0
4.0,6.1
14.3,15.9
20.1,21.9
5.8,11.6
10.9,26.0
4.3,6.8,7.8,11.0
4.0,6.1
15.1,16.9
18.8,22.3,22.6
2.1,15.6
19.3,21.4
10.5,26.0
4.3,11.0
3.4,6.1
14.7,14.8
20.1,21.9
19.3,21.8
19.4,21.4
5.8,11.6
10.9,26.0
4.3,11.0
3.4,6.1
15.1,16.9
19.7,19.8
2.1,15.6
10.5,26.0
4.4,11.0,11.0
4.3,6.4
4.3,6.2,8.3
14.7,14.8
18.8,22.3,22.6
19.3,21.8
19.4,21.4
10.5,26.0
4.4,11.0,11.0
4.3,6.4
4.3,6.2,8.3
14.3,15.9
19.7,19.8
10.5,20.2
3.3,6.0
4.3,6.8,7.8,11.0
4.0,6.1
14.3,15.9
19.2,19.7
10.5,13.6
3.3,6.0
4.3,6.8,7.8,11.0
4.0,6.1
14.7,15.0
14.8,18.5
18.8,22.3,22.6
2.1,15.6
10.5,20.2
3.3,6.0
4.3,11.0
3.4,6.1
14.7,14.8
19.2,19.7
19.3,21.8
19.4,21.4
10.5,13.6
3.3,6.0
4.3,11.0
3.4,6.1
14.7,15.0
14.8,18.5
19.7,19.8
2.7,5.8
13.4,16.0
4.3,6.8,8.3,11.0
4.7,6.2
14.8,18.5
3.8,6.4,8.0
5.1,6.9
2.1,15.6
10.5,26.0
3.3,6.0
5.2,5.6
4.7,6.2
3.0,6.2
14.7,14.8
18.8,22.3,22.6
19.3,21.8
19.4,21.4
10.5,26.0
3.3,6.0
5.2,5.6
4.7,6.2
3.0,6.2
14.3,15.9
19.7,19.8
4.0,14.9
9.4,11.8
10.2,8.2,16.3
4.3,13.2
4.4,16.0,16.0
4.3,6.4
4.3,6.2,8.3
4.8,9.1
9.7,9.8
5.1,6.9
9.4,11.8
10.2,8.2,16.3
4.3,13.3
4.4,16.0,16.0
4.3,6.4
4.3,6.2,8.3
3.4,6.1
9.7,9.8
5.1,6.9
9.4,11.8
10.2,8.2,16.3
4.4,6.4,8.5
6.3,8.5
4.3,6.0,7.6
4.3,6.6,8.4,10.1
4.3,6.4,9.2
9.7,9.8
5.8,11.0
9.4,11.8
10.2,8.0
4.4,6.4,8.5
6.3,8.5
3.4,6.1
9.7,9.8
9.4,11.8
10.2,8.2,16.3
3.4,6.1
4.3,6.1,7.6
4.3,6.6,8.4,10.1
4.3,6.4,9.2
9.7,9.8
4.0,14.9
5.8,11.0
9.4,11.8
10.2,8.1
3.4,6.1
4.8,9.1
9.7,9.8
4.0,14.9
9.4,17.1
9.3,11.6,14.0
2.2,4.6,16.0
5.2,5.6
4.7,6.2
4.8,9.1
11.1,12.8
9.4,17.1
9.3,11.6,14.0
2.2,4.6,16.0
5.2,5.6
4.7,6.2
3.4,6.1
11.1,12.8
14.4,16.8
15.2,14.7,16.4
4.0,6.1
3.0,6.2
14.3,16.1,17.6
14.3,14.5
14.3,16.6,18.4
15.1,16.9,19.8
2.4,11.0
4.4,6.4
13.4,16.0
4.3,11.0
4.4,11.0,11.0
4.3,6.4
4.3,6.2,8.3
14.7,14.8
15.2,15.5
14.7,16.2
2.0,11.0
9.4,17.1
9.3,11.6,14.0
4.4,6.4,8.5
6.3,8.5
4.7,4.8
5.2,5.4
4.7,6.2
11.1,12.8
2.3,11.0
9.4,17.1
9.3,11.6,14.0
4.4,6.4,8.5
6.3,8.5
3.4,6.1
11.1,12.8
2.0,11.0
9.4,17.1
9.3,11.6,14.0
3.4,6.1
4.7,4.8
5.2,5.4
4.7,6.2
11.1,12.8
4.0,14.9
2.3,11.0
9.4,17.1
9.3,11.6,14.0
3.4,6.1
4.8,9.1
11.1,12.8
9.4,11.4,17.7
11.3,13.4
4.3,6.8,7.8,16.0
5.2,5.5
4.7,6.2
4.3,6.0,7.6
4.3,6.6,8.4,10.1
4.3,6.4,9.2
5.8,11.0
9.4,11.4,17.7
11.3,13.4
4.3,6.8,7.8,16.0
5.2,5.6
4.7,6.2
3.4,6.1
2.0,11.0
9.4,11.4,17.7
11.3,13.4
4.3,13.2
4.4,16.0,16.0
4.3,6.4
4.3,6.2,8.3
4.7,4.8
5.2,5.5
4.7,6.2
5.1,6.9
2.3,11.0
9.4,11.4,17.7
11.3,13.4
4.3,13.3
4.4,16.0,16.0
4.3,6.4
4.3,6.2,8.3
3.4,6.1
5.1,6.9
2.3,11.0
5.8,11.0
9.4,11.4,17.7
11.3,13.4
3.4,6.1
4.7,4.8
5.2,5.4
4.7,6.2
2.3,11.0
9.4,11.4,17.7
11.3,13.4
3.4,6.1
4.3,6.1,7.6
4.3,6.6,8.4,10.1
4.3,6.4,9.2
4.5,11.0
13.4,16.0
5.9,16.2
4.3,11.0
4.4,11.0,11.0
4.3,6.4
4.3,6.2,8.3
14.8,18.5
4.7,4.8
4.2,5.2
8.4,11.0
4.3,6.8,8.3,16.0
5.2,5.5
4.7,6.2
4.3,6.1,7.6
4.3,6.6,8.4,10.1
4.3,6.4,9.2
4.0,14.9
5.8,11.0
8.4,11.0
4.3,6.8,8.3,16.0
4.7,6.2
4.8,9.1
2.0,11.0
8.4,11.0
4.3,12.1
4.4,16.0,16.0
4.3,6.4
4.3,6.2,8.3
4.7,4.8
5.2,5.5
4.7,6.2
5.1,6.9
4.0,14.9
2.3,11.0
8.4,11.0
4.3,12.1
4.4,16.0,16.0
4.3,6.4
4.3,6.2,8.3
4.8,9.1
5.1,6.9
2.3,11.0
5.8,11.0
8.4,11.0
4.4,6.4,8.5
6.3,8.5
4.7,4.8
5.2,5.4
4.7,6.2
2.3,11.0
8.4,11.0
4.4,6.4,8.5
6.3,8.5
4.3,6.1,7.6
4.3,6.6,8.4,10.1
4.3,6.4,9.2
5.8,11.0
9.4,11.8
9.4,11.4,17.7
4.3,12.1
3.4,6.1
5.2,5.4
4.7,6.2
4.8,9.1
9.7,9.8
5.1,6.9
9.4,11.8
9.4,11.4,17.7
4.3,12.1
3.4,6.1
4.3,6.6,8.4,10.1
4.3,6.4,9.2
9.7,9.8
5.1,6.9
5.8,11.0
9.4,11.8
9.4,11.4,17.7
5.2,5.5
4.7,6.2
6.3,8.5
4.3,6.0,7.6
3.4,6.1
9.7,9.8
9.4,11.8
9.4,11.4,17.7
5.2,5.5
4.7,6.2
6.3,8.5
4.3,6.6,8.4,10.1
4.3,6.4,9.2
9.7,9.8
2.4,11.0
2.7,5.8
13.4,16.0
4.0,6.1
3.0,6.2
14.7,14.8
15.2,15.4
14.7,16.2
3.8,6.4,8.0
5.1,6.9
9.4,11.8
9.4,11.4,17.7
4.4,16.0,16.0
4.3,6.4
4.3,6.2,8.3
4.3,6.0,7.6
3.4,6.1
9.7,9.8
9.4,11.8
9.4,11.4,17.7
4.4,16.0,16.0
4.3,6.4
4.3,6.2,8.3
5.2,5.5
4.7,6.2
4.8,9.1
9.7,9.8
5.8,11.0
8.4,11.0
4.3,6.8,8.2,16.0
4.4,6.4,8.5
5.2,5.4
4.7,6.2
4.8,9.1
11.1,12.8
8.4,11.0
4.3,6.8,8.2,16.0
4.4,6.4,8.5
4.3,6.6,8.4,10.1
4.3,6.4,9.2
11.1,12.8
4.0,14.9
2.0,11.0
5.8,11.0
8.4,11.0
5.2,5.5
4.7,6.2
6.3,8.5
4.7,4.8
11.1,12.8
2.3,11.0
8.4,11.0
5.2,5.5
4.7,6.2
6.3,8.5
4.3,6.6,8.4,10.1
4.3,6.4,9.2
11.1,12.8
4.0,14.9
2.0,11.0
8.4,11.0
4.4,16.0,16.0
4.3,6.4
4.3,6.2,8.3
4.7,4.8
11.1,12.8
2.3,11.0
8.4,11.0
4.4,16.0,16.0
4.3,6.4
4.3,6.2,8.3
5.2,5.5
4.7,6.2
4.8,9.1
11.1,12.8
5.8,11.0
10.2,8.2,16.3
11.3,13.4
4.3,6.8,8.2,16.0
4.4,6.4,8.5
4.3,6.0,7.6
3.4,6.1
10.2,8.2,16.3
11.3,13.4
4.3,6.8,8.2,16.0
4.4,6.4,8.5
4.3,6.6,8.4,10.1
4.3,6.4,9.2
4.5,11.0
13.4,16.0
5.9,16.2
4.0,6.1
3.0,6.2
14.3,16.1,17.6
14.3,14.5
14.3,16.6,18.4
15.1,16.9,19.8
4.2,5.9
4.0,14.9
2.0,11.0
5.8,11.0
10.2,8.2,16.3
11.3,13.4
4.3,12.1
3.4,6.1
4.7,4.8
5.1,6.9
2.3,11.0
10.2,8.2,16.3
11.3,13.4
4.3,12.1
3.4,6.1
4.3,6.6,8.4,10.1
4.3,6.4,9.2
5.1,6.9
4.0,14.9
2.0,11.0
10.2,8.2,16.3
11.3,13.4
4.4,16.0,16.0
4.3,6.4
4.3,6.2,8.3
4.7,4.8
2.3,11.0
10.2,8.2,16.3
11.3,13.4
4.4,16.0,16.0
4.3,6.4
4.3,6.2,8.3
4.3,6.0,7.6
3.4,6.1
9.4,17.1
9.3,11.6,14.0
4.3,6.8,8.2,16.0
4.4,6.4,8.5
4.3,6.0,7.6
3.4,6.1
9.4,17.1
9.3,11.6,14.0
4.3,6.8,8.2,16.0
4.4,6.4,8.5
5.2,5.4
4.7,6.2
4.8,9.1
4.0,14.9
2.0,11.0
9.4,17.1
9.3,11.6,14.0
4.3,12.1
3.4,6.1
4.7,4.8
5.1,6.9
2.3,11.0
9.4,17.1
9.3,11.6,14.0
4.3,12.1
3.4,6.1
5.2,5.4
4.7,6.2
4.8,9.1
5.1,6.9
4.0,14.9
2.0,11.0
9.4,17.1
9.3,11.6,14.0
5.2,5.6
4.7,6.2
6.3,8.5
4.7,4.8
2.3,11.0
9.4,17.1
9.3,11.6,14.0
5.2,5.6
4.7,6.2
6.3,8.5
4.3,6.0,7.6
3.4,6.1
2.7,5.8
14.4,16.8
14.4,16.4,18.9
4.3,11.0
3.4,6.1
15.2,15.4
14.7,16.2
14.8,18.5
5.1,6.9
14.7,14.8
4.0,14.7
10.5,16.0
4.4,6.8
5.2,11.3,16.0
4.3,13.2
4.4,16.0,16.0
4.3,6.4
4.3,6.2,8.3
4.8,9.1
4.7,4.8
5.1,6.9
4.4,6.4
10.5,16.0
4.4,6.8
5.2,11.3,16.0
4.3,13.3
4.4,16.0,16.0
4.3,6.4
4.3,6.2,8.3
3.4,6.1
4.7,4.8
5.1,6.9
10.5,16.0
4.4,6.8
5.2,11.3,16.0
4.4,6.4,8.5
6.3,8.5
4.3,6.0,7.6
4.3,4.5
4.3,6.6,8.4
5.1,6.9,9.8
2.7,5.8
10.9,16.0
4.4,6.8
5.2,11.2,16.0
4.4,6.4,8.5
6.3,8.5
3.4,6.1
3.8,6.4,8.0
5.1,6.9
4.7,4.8
4.4,6.4
10.5,16.0
4.4,6.8
5.2,11.3,16.0
3.4,6.1
4.3,6.1,7.6
4.3,4.5
4.3,6.6,8.4
5.1,6.9,9.8
4.0,14.7
2.7,5.8
10.9,16.0
4.4,6.8
5.2,11.2,16.0
3.4,6.1
4.8,9.1
3.8,6.4,8.0
5.1,6.9
4.7,4.8
4.0,14.7
10.5,16.0
4.3,12.1
4.3,6.6,9.0
2.2,4.6,16.0
5.2,5.6
4.7,6.2
4.8,9.1
6.1,7.8
4.4,6.4
10.5,16.0
4.3,12.1
4.3,6.6,9.0
2.2,4.6,16.0
5.2,5.6
4.7,6.2
3.4,6.1
6.1,7.8
2.3,16.0
10.5,16.0
4.3,12.1
4.3,6.6,9.0
4.4,6.4,8.5
6.3,8.5
4.7,4.8
5.2,5.4
4.7,6.2
6.1,7.8
4.5,16.0
10.5,14.1
4.3,12.1
4.3,6.6,9.0
4.4,6.4,8.5
6.3,8.5
3.4,6.1
4.7,4.8
4.7,5.0
4.2,5.9
6.1,7.8
14.4,16.8
14.4,16.4,18.9
5.9,16.2
4.3,11.0
3.4,6.1
14.3,14.5
14.3,16.6,18.4
15.1,16.9,19.8
4.2,5.2
14.7,14.8
2.3,16.0
4.4,6.4
10.5,16.0
4.3,12.1
4.3,6.6,9.0
3.4,6.1
4.7,4.8
5.2,5.4
4.7,6.2
6.1,7.8
4.0,14.7
4.5,16.0
10.5,13.6
4.3,12.1
4.3,6.6,9.0
3.4,6.1
4.8,9.1
4.7,4.8
4.7,4.9
4.2,5.9
6.1,7.8
10.5,16.0
4.4,6.4,12.7
6.3,8.4
4.3,6.8,7.8,16.0
5.2,5.5
4.7,6.2
4.3,6.0,7.6
4.3,4.5
4.3,6.6,8.4
5.1,6.9,9.8
2.7,5.8
10.9,16.0
4.4,6.4,12.7
6.3,8.4
4.3,6.8,7.8,16.0
5.2,5.6
4.7,6.2
3.4,6.1
3.8,6.4,8.0
5.1,6.9
2.3,16.0
10.5,16.0
4.4,6.4,12.7
6.3,8.4
4.3,13.2
4.4,16.0,16.0
4.3,6.4
4.3,6.2,8.3
4.7,4.8
5.2,5.5
4.7,6.2
5.1,6.9
4.5,16.0
10.5,14.1
4.4,6.4,12.7
6.3,8.4
4.3,13.3
4.4,16.0,16.0
4.3,6.4
4.3,6.2,8.3
3.4,6.1
4.7,4.8
4.7,5.0
4.2,5.9
5.1,6.9
2.3,16.0
2.7,5.8
10.9,16.0
4.4,6.4,12.7
6.3,8.4
3.4,6.1
4.7,4.8
5.2,5.4
4.7,6.2
3.8,6.4,8.0
5.1,6.9
4.5,16.0
10.5,14.1
4.4,6.4,12.7
6.3,8.4
3.4,6.1
4.3,6.1,7.6
4.3,4.5
4.3,6.6,8.4
5.1,6.9,9.8
4.7,5.1
4.2,5.9
4.4,6.4
10.5,16.0
3.4,6.0
4.3,6.8,8.3,16.0
5.2,5.5
4.7,6.2
4.3,6.1,7.6
4.3,4.5
4.3,6.6,8.4
5.1,6.9,9.8
4.0,14.7
2.7,5.8
10.9,16.0
3.4,6.0
4.3,6.8,8.3,16.0
4.7,6.2
4.8,9.1
3.8,6.4,8.0
5.1,6.9
2.7,5.8
14.4,16.8
14.4,16.4,18.9
5.2,5.5
4.7,6.2
3.0,6.2
14.3,16.1,17.6
13.4,16.1
5.1,6.9
14.7,14.8
2.3,16.0
4.4,6.4
10.5,16.0
3.4,6.0
4.3,12.1
4.4,16.0,16.0
4.3,6.4
4.3,6.2,8.3
4.7,4.8
5.2,5.5
4.7,6.2
5.1,6.9
4.0,14.7
4.5,16.0
10.5,13.6
3.4,6.0
4.3,12.1
4.4,16.0,16.0
4.3,6.4
4.3,6.2,8.3
4.8,9.1
4.7,4.8
4.7,4.9
4.2,5.9
5.1,6.9
2.3,16.0
2.7,5.8
10.9,16.0
3.4,6.0
4.4,6.4,8.5
6.3,8.5
4.7,4.8
5.2,5.4
4.7,6.2
3.8,6.4,8.0
5.1,6.9
4.5,16.0
10.5,14.1
3.4,6.0
4.4,6.4,8.5
6.3,8.5
4.3,6.1,7.6
4.3,4.5
4.3,6.6,8.4
5.1,6.9,9.8
4.7,5.1
4.2,5.9
2.7,5.8
10.5,16.0
4.4,6.8
4.4,6.4,12.7
4.3,12.1
3.4,6.1
5.2,5.4
4.7,6.2
4.8,9.1
5.1,6.9
4.7,4.8
5.1,6.9
10.5,13.6
4.4,6.8
4.4,6.4,12.7
4.3,12.1
3.4,6.1
4.3,4.5
4.3,6.6,8.4
5.1,6.9,9.8
4.7,5.1
4.2,5.9
4.7,4.8
5.1,6.9
2.7,5.8
10.5,16.0
4.4,6.8
4.4,6.4,12.7
5.2,5.5
4.7,6.2
6.3,8.5
4.3,6.0,7.6
3.4,6.1
5.1,6.9
4.7,4.8
10.5,16.0
4.4,6.8
4.4,6.4,12.7
5.2,5.5
4.7,6.2
6.3,8.5
4.3,4.5
4.3,6.6,8.4
5.1,6.9,9.8
3.8,6.5,8.2
4.7,4.8
10.5,13.6
4.4,6.8
4.4,6.4,12.7
4.4,16.0,16.0
4.3,6.4
4.3,6.2,8.3
4.3,6.0,7.6
3.4,6.1
4.7,4.9
4.2,5.9
4.7,4.8
10.5,16.0
4.4,6.8
4.4,6.4,12.7
4.4,16.0,16.0
4.3,6.4
4.3,6.2,8.3
5.2,5.5
4.7,6.2
4.8,9.1
3.8,6.5,8.2
4.7,4.8
14.4,16.8
14.4,16.4,18.9
5.2,5.5
4.7,6.2
3.0,6.2
14.3,14.5
14.3,16.6,18.4
15.1,16.9,19.8
3.8,6.4,8.0
14.7,14.8
2.7,5.8
10.5,16.0
3.4,6.0
4.3,6.8,8.2,16.0
4.4,6.4,8.5
5.2,5.4
4.7,6.2
4.8,9.1
5.1,6.9
6.1,7.8
10.5,13.6
3.4,6.0
4.3,6.8,8.2,16.0
4.4,6.4,8.5
4.3,4.5
4.3,6.6,8.4
5.1,6.9,9.8
4.7,5.1
4.2,5.9
6.1,7.8
4.0,14.7
2.3,16.0
2.7,5.8
10.5,16.0
3.4,6.0
5.2,5.5
4.7,6.2
6.3,8.5
4.7,4.8
5.1,6.9
6.1,7.8
4.5,16.0
4.4,6.4
10.5,16.0
3.4,6.0
5.2,5.5
4.7,6.2
6.3,8.5
4.3,4.5
4.3,6.6,8.4
5.1,6.9,9.8
4.7,4.8
6.1,7.8
4.0,14.7
2.3,16.0
10.5,13.6
3.4,6.0
4.4,16.0,16.0
4.3,6.4
4.3,6.2,8.3
4.7,4.8
4.7,4.9
4.2,5.9
6.1,7.8
4.5,16.0
4.4,6.4
10.5,16.0
3.4,6.0
4.4,16.0,16.0
4.3,6.4
4.3,6.2,8.3
5.2,5.5
4.7,6.2
4.8,9.1
4.7,4.8
6.1,7.8
2.7,5.8
10.5,16.0
5.2,11.3,16.0
6.3,8.4
4.3,6.8,8.2,16.0
4.4,6.4,8.5
4.3,6.0,7.6
3.4,6.1
5.1,6.9
10.5,16.0
5.2,11.3,16.0
6.3,8.4
4.3,6.8,8.2,16.0
4.4,6.4,8.5
4.3,4.5
4.3,6.6,8.4
5.1,6.9,9.8
3.8,6.5,8.2
4.0,14.7
2.3,16.0
2.7,5.8
10.5,16.0
5.2,11.3,16.0
6.3,8.4
4.3,12.1
3.4,6.1
4.7,4.8
5.1,6.9
5.1,6.9
4.5,16.0
4.4,6.4
10.5,16.0
5.2,11.3,16.0
6.3,8.4
4.3,12.1
3.4,6.1
4.3,4.5
4.3,6.6,8.4
5.1,6.9,9.8
4.7,4.8
5.1,6.9
14.4,16.8
14.4,16.4,18.9
5.9,16.2
4.4,11.0,11.0
4.3,6.4
4.3,6.2,8.3
14.3,16.1,17.6
13.4,16.1
4.2,5.2
14.7,14.8
4.0,14.7
2.3,16.0
10.5,16.0
5.2,11.3,16.0
6.3,8.4
4.4,16.0,16.0
4.3,6.4
4.3,6.2,8.3
4.7,4.8
3.8,7.3,8.9
4.5,16.0
4.4,6.4
10.5,16.0
5.2,11.3,16.0
6.3,8.4
4.4,16.0,16.0
4.3,6.4
4.3,6.2,8.3
4.3,6.0,7.6
3.4,6.1
4.7,4.8
10.5,13.6
4.3,12.1
4.3,6.6,9.0
4.3,6.8,8.2,16.0
4.4,6.4,8.5
4.3,6.0,7.6
3.4,6.1
4.7,4.9
4.2,5.9
10.5,16.0
4.3,12.1
4.3,6.6,9.0
4.3,6.8,8.2,16.0
4.4,6.4,8.5
5.2,5.4
4.7,6.2
4.8,9.1
3.8,6.5,8.2
4.0,14.7
2.3,16.0
10.5,13.6
4.3,12.1
4.3,6.6,9.0
4.3,12.1
3.4,6.1
4.7,4.8
4.7,4.9
4.2,5.9
5.1,6.9
4.5,16.0
4.4,6.4
10.5,16.0
4.3,12.1
4.3,6.6,9.0
4.3,12.1
3.4,6.1
5.2,5.4
4.7,6.2
4.8,9.1
4.7,4.8
5.1,6.9
4.0,14.7
2.3,16.0
10.5,16.0
4.3,12.1
4.3,6.6,9.0
5.2,5.6
4.7,6.2
6.3,8.5
4.7,4.8
3.8,7.3,8.9
4.5,16.0
4.4,6.4
10.5,16.0
4.3,12.1
4.3,6.6,9.0
5.2,5.6
4.7,6.2
6.3,8.5
4.3,6.0,7.6
3.4,6.1
4.7,4.8
4.0,14.7
10.5,21.0
6.3,11.0
4.3,13.2
4.4,16.0,16.0
4.3,6.4
4.3,6.2,8.3
4.8,9.1
5.1,6.9
9.4,11.4
10.5,21.0
6.3,11.0
4.3,13.2
4.4,16.0,16.0
4.3,6.4
4.3,6.2,8.3
5.1,6.9
14.4,16.8
14.4,16.4,18.9
4.4,11.0,11.0
4.3,6.4
4.3,6.2,8.3
15.2,15.5
14.7,16.2
14.8,18.5
3.8,6.4,8.0
14.7,14.8
10.5,21.0
6.3,11.0
4.4,6.4,8.5
6.3,8.5
4.3,6.0,7.6
5.1,5.2
4.7,6.5
5.1,8.2
9.3,11.2
11.1,21.0
6.2,11.0
4.4,6.4,8.5
6.3,8.5
8.8,11.3,13.0
10.1,11.9
9.4,11.4
10.5,21.0
6.3,11.0
3.4,6.1
4.3,6.1,7.6
5.1,5.2
4.7,6.5
5.1,8.2
4.0,14.7
9.3,11.2
11.1,21.0
6.2,11.0
3.4,6.1
4.8,9.1
8.8,11.3,13.0
10.1,11.9
4.0,14.7
10.5,21.0
2.2,4.6,16.0
5.2,5.6
4.7,6.2
4.8,9.1
9.4,11.4
10.5,21.0
2.2,4.6,16.0
5.2,5.6
4.7,6.2
2.0,15.2
10.5,21.0
4.4,6.4,8.5
6.3,8.5
4.7,4.8
5.2,5.4
4.7,6.2
9.4,15.4
10.5,14.1
4.4,6.4,8.5
6.3,8.5
9.7,9.8
9.7,10.0
9.2,10.9
2.0,15.2
9.4,11.4
10.5,21.0
3.4,6.1
4.7,4.8
5.2,5.4
4.7,6.2
4.0,14.7
9.4,15.4
10.5,13.6
3.4,6.1
4.8,9.1
9.7,9.8
9.7,9.9
9.2,11.0
2.7,5.8
14.4,16.8
15.2,14.7
4.0,6.1
3.0,6.2
13.4,16.1
3.8,6.4,8.0
5.1,6.9
14.7,14.8
2.7,5.8
13.4,16.0
4.3,6.8,7.8,11.0
4.0,6.1
15.2,15.4
14.7,16.2
14.8,18.5
5.1,6.9
16.1,17.8
10.5,21.0
4.3,6.8,7.8,16.0
5.2,5.5
4.7,6.2
4.3,6.0,7.6
5.1,5.2
4.7,6.5
5.1,8.2
9.3,11.2
11.1,21.0
4.3,6.8,7.8,16.0
5.2,5.6
4.7,6.2
8.8,11.3,13.0
10.1,11.9
2.0,15.2
10.5,21.0
4.3,13.2
4.4,16.0,16.0
4.3,6.4
4.3,6.2,8.3
4.7,4.8
5.2,5.5
4.7,6.2
5.1,6.9
9.4,15.4
10.5,14.1
4.3,13.2
4.4,16.0,16.0
4.3,6.4
4.3,6.2,8.3
9.7,9.8
9.7,10.0
9.2,10.9
5.1,6.9
2.0,18.9
9.3,11.2
11.1,21.0
3.4,6.1
4.7,4.8
5.2,5.4
4.7,6.2
8.8,11.3,13.0
10.1,11.9
9.4,15.4
10.5,14.1
3.4,6.1
4.3,6.1,7.6
5.1,5.2
4.7,6.5
5.1,8.2
9.7,9.8
9.7,10.0
9.2,10.9
9.4,11.4
10.5,21.0
4.3,6.8,8.3,16.0
5.2,5.5
4.7,6.2
4.3,6.1,7.6
5.1,5.2
4.7,6.5
5.1,8.2
4.0,14.7
9.3,11.2
11.1,21.0
4.3,6.8,8.3,16.0
4.7,6.2
4.8,9.1
8.8,11.3,13.0
10.1,11.9
2.0,15.2
9.4,11.4
10.5,21.0
4.3,12.1
4.4,16.0,16.0
4.3,6.4
4.3,6.2,8.3
4.7,4.8
5.2,5.5
4.7,6.2
5.1,6.9
4.0,14.7
9.4,15.4
10.5,13.6
4.3,12.1
4.4,16.0,16.0
4.3,6.4
4.3,6.2,8.3
4.8,9.1
9.7,9.8
9.7,9.9
9.2,11.0
5.1,6.9
13.4,16.0
5.9,16.2
4.3,6.8,7.8,11.0
4.0,6.1
14.3,14.5
14.3,16.6,18.4
15.1,16.9,19.8
4.2,5.2
16.1,17.8
2.0,18.9
9.3,11.2
11.1,21.0
4.4,6.4,8.5
6.3,8.5
4.7,4.8
5.2,5.4
4.7,6.2
8.8,11.3,13.0
10.1,11.9
9.4,15.4
10.5,14.1
4.4,6.4,8.5
6.3,8.5
4.3,6.1,7.6
5.1,5.2
4.7,6.5
5.1,8.2
9.7,9.8
9.7,10.0
9.2,10.9
9.3,11.2
11.0,21.0
4.3,12.1
3.4,6.1
5.2,5.4
4.7,6.2
4.8,9.1
10.1,11.9
5.1,6.9
10.8,13.6
4.3,12.1
3.4,6.1
5.1,5.2
4.7,6.5
5.1,8.2
9.7,9.9
9.2,10.9
5.1,6.9
9.3,11.2
11.0,21.0
5.2,5.5
4.7,6.2
6.3,8.5
4.3,6.0,7.6
10.1,11.9
10.8,21.0
5.2,5.5
4.7,6.2
6.3,8.5
5.1,5.2
4.7,6.5
5.1,8.2
8.8,11.3,13.0
10.5,13.6
4.4,16.0,16.0
4.3,6.4
4.3,6.2,8.3
4.3,6.0,7.6
9.7,9.9
9.2,10.9
10.5,21.0
4.4,16.0,16.0
4.3,6.4
4.3,6.2,8.3
5.2,5.5
4.7,6.2
4.8,9.1
8.8,11.3,13.0
9.3,11.2
11.0,21.0
4.3,6.8,8.2,16.0
4.4,6.4,8.5
5.2,5.4
4.7,6.2
4.8,9.1
10.1,11.9
10.8,13.6
4.3,6.8,8.2,16.0
4.4,6.4,8.5
5.1,5.2
4.7,6.5
5.1,8.2
9.7,9.9
9.2,10.9
2.4,11.0
2.7,5.8
13.4,16.0
5.2,5.5
4.7,6.2
3.0,6.2
14.7,14.8
5.1,6.9
16.1,17.8
4.0,14.7
2.0,15.2
9.3,11.2
11.0,21.0
5.2,5.5
4.7,6.2
6.3,8.5
4.7,4.8
10.1,11.9
9.4,15.4
9.4,11.4
10.8,21.0
5.2,5.5
4.7,6.2
6.3,8.5
5.1,5.2
4.7,6.5
5.1,8.2
9.7,9.8
4.0,14.7
2.0,15.2
10.5,13.6
4.4,16.0,16.0
4.3,6.4
4.3,6.2,8.3
4.7,4.8
9.7,9.9
9.2,10.9
9.4,15.4
9.4,11.4
10.5,21.0
4.4,16.0,16.0
4.3,6.4
4.3,6.2,8.3
5.2,5.5
4.7,6.2
4.8,9.1
9.7,9.8
9.3,11.2
11.0,21.0
6.2,11.0
4.3,6.8,8.2,16.0
4.4,6.4,8.5
4.3,6.0,7.6
10.1,11.9
10.8,21.0
6.2,11.0
4.3,6.8,8.2,16.0
4.4,6.4,8.5
5.1,5.2
4.7,6.5
5.1,8.2
8.8,11.3,13.0
4.0,14.7
2.0,15.2
9.3,11.2
11.0,21.0
6.2,11.0
4.3,12.1
3.4,6.1
4.7,4.8
10.1,11.9
5.1,6.9
9.4,15.4
9.4,11.4
10.8,21.0
6.2,11.0
4.3,12.1
3.4,6.1
5.1,5.2
4.7,6.5
5.1,8.2
9.7,9.8
5.1,6.9
4.0,14.7
2.0,15.2
10.5,21.0
6.3,11.0
4.4,16.0,16.0
4.3,6.4
4.3,6.2,8.3
4.7,4.8
8.8,12.3,13.9
9.4,15.4
9.4,11.4
10.5,21.0
6.3,11.0
4.4,16.0,16.0
4.3,6.4
4.3,6.2,8.3
4.3,6.0,7.6
9.7,9.8
4.5,11.0
4.4,6.4
13.4,16.0
5.2,5.5
4.7,6.2
3.0,6.2
14.3,14.5
14.3,16.6,18.4
15.1,16.9,19.8
4.7,4.8
16.1,17.8
10.5,13.6
4.3,6.8,8.2,16.0
4.4,6.4,8.5
4.3,6.0,7.6
9.7,9.9
9.2,10.9
10.5,21.0
4.3,6.8,8.2,16.0
4.4,6.4,8.5
5.2,5.4
4.7,6.2
4.8,9.1
8.8,11.3,13.0
4.0,14.7
2.0,15.2
10.5,13.6
4.3,12.1
3.4,6.1
4.7,4.8
9.7,9.9
9.2,10.9
5.1,6.9
9.4,15.4
9.4,11.4
10.5,21.0
4.3,12.1
3.4,6.1
5.2,5.4
4.7,6.2
4.8,9.1
9.7,9.8
5.1,6.9
4.0,14.7
2.0,15.2
10.5,21.0
5.2,5.6
4.7,6.2
6.3,8.5
4.7,4.8
8.8,12.3,13.9
9.4,15.4
9.4,11.4
10.5,21.0
5.2,5.6
4.7,6.2
6.3,8.5
4.3,6.0,7.6
9.7,9.8
4.0,14.7
22.4,24.8
10.5,23.2
4.3,13.2
4.4,16.0,16.0
4.3,6.4
4.3,6.2,8.3
4.8,9.1
22.7,22.8
5.1,6.9
22.4,24.8
14.4,16.4
10.5,23.2
4.3,13.2
4.4,16.0,16.0
4.3,6.4
4.3,6.2,8.3
22.7,22.8
14.8,18.4
5.1,6.9
22.4,24.8
5.8,12.0
10.9,23.2
4.4,6.4,8.5
6.3,8.5
4.3,16.0
4.3,5.9
5.1,7.0
22.7,22.8
22.4,24.8
14.3,16.5
10.5,23.2
4.4,6.4,8.5
6.3,8.5
13.8,17.3,17.5
22.7,22.8
14.7,16.4
2.4,11.0
13.4,16.0
5.9,16.2
4.4,11.0,11.0
4.3,6.4
4.3,6.2,8.3
14.7,14.8
4.2,5.2
16.1,17.8
22.4,24.8
14.4,16.4
5.8,12.0
10.9,23.2
3.4,6.1
4.3,16.0
4.3,5.9
5.1,7.0
22.7,22.8
14.8,18.4
4.0,14.7
22.4,24.8
14.3,16.5
10.5,23.2
3.4,6.1
4.8,9.1
13.8,17.3,17.5
22.7,22.8
14.7,16.4
4.0,14.7
22.3,24.6
10.5,26.0
4.6,6.0
2.2,4.6,16.0
5.2,5.6
4.7,6.2
4.8,9.1
24.1,26.0
14.4,16.4
22.3,24.6
10.5,26.0
4.6,6.0
2.2,4.6,16.0
5.2,5.6
4.7,6.2
24.1,26.0
14.8,18.4
2.0,15.3
22.3,24.6
10.8,26.0
4.6,6.0
4.4,6.4,8.5
6.3,8.5
4.7,4.8
5.2,5.4
4.7,6.2
24.1,26.0
14.4,17.3
22.3,24.6
10.5,14.1
4.6,6.0
4.4,6.4,8.5
6.3,8.5
24.1,26.0
14.7,14.8
14.7,15.0
14.2,16.1
2.0,15.3
14.4,16.4
22.3,24.6
10.8,26.0
4.6,6.0
3.4,6.1
4.7,4.8
5.2,5.4
4.7,6.2
24.1,26.0
14.8,18.4
4.0,14.7
14.4,17.3
22.3,24.6
10.5,13.6
4.6,6.0
3.4,6.1
4.8,9.1
24.1,26.0
14.7,14.8
14.7,14.9
14.2,16.1
22.4,24.4
5.8,12.0
10.9,26.0
4.3,6.8,7.8,16.0
5.2,5.5
4.7,6.2
4.3,16.0
4.3,5.9
5.1,7.0
22.4,24.4
14.3,16.5
10.5,26.0
4.3,6.8,7.8,16.0
4.7,5.1
5.2,6.8
13.8,17.3,17.5
14.7,16.4
4.5,11.0
4.4,6.4
13.4,16.0
4.4,11.0,11.0
4.3,6.4
4.3,6.2,8.3
15.2,15.5
14.7,16.2
14.8,18.5
4.7,4.8
16.1,17.8
2.0,15.3
22.4,24.4
10.8,26.0
4.3,13.2
4.4,16.0,16.0
4.3,6.4
4.3,6.2,8.3
4.7,4.8
5.2,5.5
4.7,6.2
5.1,6.9
14.4,17.3
22.4,24.4
10.5,14.1
4.3,13.2
4.4,16.0,16.0
4.3,6.4
4.3,6.2,8.3
14.7,14.8
14.7,15.0
14.2,16.1
5.1,6.9
2.0,18.3
22.4,24.4
14.3,16.5
10.8,26.0
3.4,6.1
4.7,4.8
4.7,5.0
5.2,6.8
13.8,17.3,17.5
14.7,16.4
14.4,17.3
22.4,24.4
5.8,16.5
10.9,14.2
3.4,6.1
4.3,16.0
4.3,5.9
5.1,7.0
14.7,14.8
14.7,15.0
14.2,16.1
14.4,16.4
5.8,12.0
10.9,26.0
4.3,6.8,8.3,16.0
5.2,5.5
4.7,6.2
4.3,16.0
4.3,5.9
5.1,7.0
14.8,18.4
4.0,14.7
14.3,16.5
10.5,26.0
4.3,6.8,8.3,16.0
4.7,5.1
5.2,6.8
4.8,9.1
13.8,17.3,17.5
14.7,16.4
2.0,15.3
14.4,16.4
10.8,26.0
4.3,12.1
4.4,16.0,16.0
4.3,6.4
4.3,6.2,8.3
4.7,4.8
5.2,5.5
4.7,6.2
14.8,18.4
5.1,6.9
4.0,14.7
14.4,17.3
10.5,13.6
4.3,12.1
4.4,16.0,16.0
4.3,6.4
4.3,6.2,8.3
4.8,9.1
14.7,14.8
14.7,14.9
14.2,16.1
5.1,6.9
2.0,18.3
14.3,16.5
10.8,26.0
4.4,6.4,8.5
6.3,8.5
4.7,4.8
4.7,5.0
5.2,6.8
13.8,17.3,17.5
14.7,16.4
14.4,17.3
5.8,16.5
10.9,14.2
4.4,6.4,8.5
6.3,8.5
4.3,16.0
4.3,5.9
5.1,7.0
14.7,14.8
14.7,15.0
14.2,16.1
2.7,5.8
15.2,14.7,16.4
16.3,18.6
4.3,6.8,7.8,11.0
4.0,6.1
14.3,16.1,17.6
13.4,16.1
5.1,6.9
22.4,24.8
22.4,24.4
14.3,16.5
10.8,26.0
4.3,12.1
3.4,6.1
5.2,5.4
4.7,6.2
4.8,9.1
22.7,22.8
14.7,16.4
5.1,6.9
22.4,24.8
22.4,24.4
5.8,12.0
11.2,14.1
4.3,12.1
3.4,6.1
5.1,7.0
22.7,22.8
14.7,15.0
14.2,16.1
14.8,18.4
5.1,6.9
22.4,24.8
22.4,24.4
14.3,16.5
10.8,26.0
5.2,5.5
4.7,6.2
6.3,8.5
4.3,16.0
4.3,5.9
22.7,22.8
14.7,16.4
22.4,24.8
22.4,24.4
5.8,12.0
11.2,26.0
5.2,5.5
4.7,6.2
6.3,8.5
5.1,7.0
13.8,17.3,26.0
22.7,22.8
22.4,24.8
22.4,24.4
10.8,14.1
4.4,16.0,16.0
4.3,6.4
4.3,6.2,8.3
4.3,16.0
4.3,5.9
22.7,22.8
14.7,15.0
14.2,16.1
14.8,18.4
22.4,24.8
22.4,24.4
10.8,26.0
4.4,16.0,16.0
4.3,6.4
4.3,6.2,8.3
5.2,5.5
4.7,6.2
4.8,9.1
13.8,17.3,26.0
22.7,22.8
14.3,16.5
10.8,26.0
4.6,6.0
4.3,6.8,8.2,16.0
4.4,6.4,8.5
5.2,5.4
4.7,6.2
4.8,9.1
24.1,26.0
14.7,16.4
5.8,12.0
11.2,14.1
4.6,6.0
4.3,6.8,8.2,16.0
4.4,6.4,8.5
5.1,7.0
24.1,26.0
14.7,15.0
14.2,16.1
14.8,18.4
4.0,14.7
2.0,15.3
14.3,16.5
10.8,26.0
4.6,6.0
5.2,5.5
4.7,6.2
6.3,8.5
4.7,4.8
24.1,26.0
14.7,16.4
14.4,17.3
14.4,16.4
5.8,16.5
11.2,26.0
4.6,6.0
5.2,5.5
4.7,6.2
6.3,8.5
5.1,7.0
24.1,26.0
14.7,14.8
15.2,14.7,16.4
16.3,18.6
4.3,6.8,7.8,11.0
4.0,6.1
14.3,14.5
14.3,16.6,18.4
15.1,16.9,19.8
3.8,6.4,8.0
4.0,14.7
2.0,15.3
10.8,14.1
4.6,6.0
4.4,16.0,16.0
4.3,6.4
4.3,6.2,8.3
4.7,4.8
24.1,26.0
14.7,15.0
14.2,16.1
14.8,18.4
14.4,17.3
14.4,16.4
10.8,26.0
4.6,6.0
4.4,16.0,16.0
4.3,6.4
4.3,6.2,8.3
5.2,5.5
4.7,6.2
4.8,9.1
24.1,26.0
14.7,14.8
14.3,16.5
10.8,23.2
4.3,6.8,8.2,16.0
4.4,6.4,8.5
4.3,16.0
4.3,5.9
14.7,16.4
5.8,12.0
11.2,23.2
4.3,6.8,8.2,16.0
4.4,6.4,8.5
5.1,7.0
13.8,17.3,26.0
4.0,14.7
2.0,15.3
14.3,16.5
10.8,23.2
4.3,12.1
3.4,6.1
4.7,4.8
14.7,16.4
5.1,6.9
14.4,17.3
14.4,16.4
5.8,16.5
11.2,23.2
4.3,12.1
3.4,6.1
5.1,7.0
14.7,14.8
5.1,6.9
4.0,14.7
2.0,16.4
10.8,23.2
4.4,16.0,16.0
4.3,6.4
4.3,6.2,8.3
4.7,4.8
13.8,17.3,26.0
14.4,17.3
14.4,16.4
10.8,23.2
4.4,16.0,16.0
4.3,6.4
4.3,6.2,8.3
4.3,16.0
4.3,5.9
14.7,14.8
22.3,24.6
10.8,14.1
4.3,6.8,8.2,16.0
4.4,6.4,8.5
4.3,16.0
4.3,5.9
14.7,15.0
14.2,16.1
14.8,18.4
22.3,24.6
10.8,26.0
4.3,6.8,8.2,16.0
4.4,6.4,8.5
5.2,5.4
4.7,6.2
4.8,9.1
13.8,17.3,26.0
2.4,11.0
2.7,5.8
15.2,14.7,16.4
16.3,18.6
4.3,11.0
3.4,6.1
14.7,14.8
5.1,6.9
4.0,14.7
2.0,15.3
22.3,24.6
10.8,14.1
4.3,12.1
3.4,6.1
4.7,4.8
14.7,15.0
14.2,16.1
14.8,18.4
5.1,6.9
14.4,17.3
14.4,16.4
22.3,24.6
10.8,26.0
4.3,12.1
3.4,6.1
5.2,5.4
4.7,6.2
4.8,9.1
14.7,14.8
5.1,6.9
4.0,14.7
2.0,16.4
22.3,24.6
10.8,26.0
5.2,5.6
4.7,6.2
6.3,8.5
4.7,4.8
13.8,17.3,26.0
14.4,17.3
14.4,16.4
22.3,24.6
10.8,26.0
5.2,5.6
4.7,6.2
6.3,8.5
4.3,16.0
4.3,5.9
14.7,14.8
4.3,6.8
3.8,6.0,16.3
4.3,12.8
17.0,19.1
4.4,21.0,21.0
4.3,6.4
4.3,6.2,8.3
4.7,4.8
5.1,6.9
7.4,11.0
4.3,6.8
3.8,6.0,16.3
4.3,21.0
16.4,19.1
4.4,21.0,21.0
4.3,6.4
4.3,6.2,8.3
7.8,11.0
4.7,4.8
3.8,6.3,8.0
4.3,6.8
3.8,6.0,16.3
17.3,18.9
4.4,6.4,8.5
17.4,21.0,21.0
17.3,19.6
17.3,19.4,21.0
6.3,8.5
4.7,4.8
5.8,11.0
3.8,7.3
16.4,19.1
4.4,6.4,8.5
6.3,8.5
7.3,8.9,11.0,11.0
8.1,9.9
4.7,4.8
7.4,11.0
4.3,6.8
3.8,6.0,16.3
17.3,19.0
3.4,6.1
17.4,21.0,21.0
17.3,19.6
17.3,19.4,21.0
7.8,11.0
4.7,4.8
5.8,11.0
3.8,7.1
3.4,6.1
17.0,19.1
7.3,8.9,11.0,11.0
8.1,9.9
4.7,4.8
4.5,11.0
4.4,6.4
15.2,14.7,16.4
16.3,18.6
4.3,11.0
3.4,6.1
14.3,14.5
14.3,16.6,18.4
15.1,16.9,19.8
4.7,4.8
4.4,17.1
4.3,6.5,13.8
2.2,4.6,17.1
17.0,19.1
5.2,5.6
4.7,6.2
6.1,7.8
7.4,11.0
4.4,17.1
4.3,6.5,13.8
16.4,19.1
2.2,4.6,17.1
5.2,5.6
4.7,6.2
7.8,11.0
6.1,7.8
2.0,11.0
4.4,17.1
4.3,6.5,13.8
17.7,18.1
4.4,6.4,8.5
18.2,18.4
17.7,19.2
6.3,8.5
6.1,7.8
2.2,11.0
4.4,17.1
4.3,6.5,13.8
16.4,19.1
4.4,6.4,8.5
6.3,8.5
7.7,7.8
7.7,8.0,11.0
6.1,7.8
7.4,11.0
2.0,11.0
4.4,17.1
4.3,6.5,13.8
3.4,6.1
17.7,18.1
18.2,18.4
17.7,19.2
7.8,11.0
6.1,7.8
2.2,11.0
4.4,17.1
4.3,6.5,13.8
3.4,6.1
17.0,19.1
7.7,6.9
7.7,8.0,11.0
6.1,7.8
4.4,6.4,17.7
6.3,8.4
17.3,18.9
4.3,6.8,7.8,21.0
17.4,21.0,21.0
17.3,19.6
17.3,19.4,21.0
5.2,5.5
4.7,6.2
5.8,11.0
4.4,6.4,17.7
6.3,8.4
16.4,19.1
7.8,17.0
5.2,5.5
4.7,6.2
7.3,8.9,11.0,11.0
8.1,9.9
2.0,11.0
4.4,6.4,17.7
6.3,8.4
4.3,12.8
17.7,18.1
4.4,21.0,21.0
4.3,6.4
4.3,6.2,8.3
18.2,18.5
17.7,19.2
5.1,6.9
2.2,11.0
4.4,6.4,17.7
6.3,8.4
4.3,21.0
16.4,19.1
4.4,21.0,21.0
4.3,6.4
4.3,6.2,8.3
7.7,7.8
7.7,8.0,11.0
3.8,6.3,8.0
4.4,6.4
14.4,16.8
15.2,14.7,16.4
3.4,6.1
14.3,16.1,17.6
14.3,14.5
14.3,16.6,18.4
15.1,16.9,19.8
2.4,11.0
15.2,14.7,16.4
16.3,18.6
4.4,11.0,11.0
4.3,6.4
4.3,6.2,8.3
14.7,14.8
3.8,7.3,8.6
2.3,11.0
5.8,11.0
4.4,6.4,17.7
6.3,8.4
3.4,6.1
17.7,18.1
18.2,18.4
17.7,19.2
7.3,8.9,11.0,11.0
8.1,9.9
2.2,11.0
4.4,6.4,17.7
6.3,8.4
17.3,19.0
3.4,6.1
17.4,21.0,21.0
17.3,19.6
17.3,19.4,21.0
7.7,7.8
7.7,8.1,11.0
7.4,11.0
3.4,10.1
17.3,19.0
4.3,6.8,8.3,21.0
17.4,21.0,21.0
17.3,19.6
17.3,19.4,21.0
5.2,5.5
4.7,6.2
7.8,11.0
5.8,11.0
3.4,10.1
7.8,17.0
17.0,19.1
5.2,5.5
4.7,6.2
7.3,8.9,11.0,11.0
8.1,9.9
7.4,11.0
2.0,11.0
3.4,10.1
4.3,12.1
17.7,18.1
4.4,21.0,21.0
4.3,6.4
4.3,6.2,8.3
18.2,18.5
17.7,19.2
7.8,11.0
5.1,6.9
2.2,11.0
3.4,10.1
4.3,12.1
17.0,19.1
4.4,21.0,21.0
4.3,6.4
4.3,6.2,8.3
7.7,6.9
7.7,8.0,11.0
5.1,6.9
2.3,11.0
5.8,11.0
3.4,10.1
17.7,18.1
4.4,6.4,8.5
18.2,18.4
17.7,19.2
6.3,8.5
7.3,8.9,11.0,11.0
8.1,9.9
2.2,11.0
3.4,10.1
17.3,19.0
4.4,6.4,8.5
17.4,21.0,21.0
17.3,19.6
17.3,19.4,21.0
6.3,8.5
7.7,7.8
7.7,8.1,11.0
5.8,11.0
4.3,6.8
4.4,6.4,17.7
4.3,12.1
3.4,6.1
18.2,18.4
17.7,19.2
8.1,9.9
4.7,4.8
5.1,6.9
4.3,6.8
4.4,6.4,17.7
4.3,12.1
3.4,6.1
17.4,21.0,21.0
17.3,19.6
17.3,19.4,21.0
7.7,8.1,11.0
7.8,11.0
4.7,4.8
5.1,6.9
4.5,11.0
4.4,6.4
15.2,14.7,16.4
16.3,18.6
4.4,11.0,11.0
4.3,6.4
4.3,6.2,8.3
14.3,16.1,17.6
13.4,16.1
4.7,4.8
5.8,11.0
4.3,6.8
4.4,6.4,17.7
17.3,18.9
16.4,19.1
5.2,5.5
4.7,6.2
6.3,8.5
8.1,9.9
4.7,4.8
4.3,6.8
4.4,6.4,17.7
17.4,21.0,21.0
17.3,19.6
17.3,19.4,21.0
5.2,5.5
4.7,6.2
6.3,8.5
7.3,8.9,11.0,11.0
4.7,4.8
4.3,6.8
4.4,6.4,17.7
17.3,18.9
16.4,19.1
4.4,21.0,21.0
4.3,6.4
4.3,6.2,8.3
7.7,8.0,11.0
7.8,11.0
4.7,4.8
4.3,6.8
4.4,6.4,17.7
4.4,21.0,21.0
4.3,6.4
4.3,6.2,8.3
18.2,18.5
17.7,19.2
7.3,8.9,11.0,11.0
4.7,4.8
5.8,11.0
3.4,10.1
4.3,6.8,8.2,17.1
4.4,6.4,8.5
18.2,18.4
17.7,19.2
8.1,9.9
6.1,7.8
3.4,10.1
4.3,6.8,8.2,17.1
4.4,6.4,8.5
17.4,21.0,21.0
17.3,19.6
17.3,19.4,21.0
7.7,8.1,11.0
7.8,11.0
6.1,7.8
2.0,11.0
5.8,11.0
3.4,10.1
17.7,18.1
17.0,19.1
5.2,5.5
4.7,6.2
6.3,8.5
8.1,9.9
6.1,7.8
7.4,11.0
2.2,11.0
3.4,10.1
17.4,21.0,21.0
17.3,19.6
17.3,19.4,21.0
5.2,5.5
4.7,6.2
6.3,8.5
7.7,7.8
6.1,7.8
2.0,11.0
3.4,10.1
17.7,18.1
17.0,19.1
4.4,21.0,21.0
4.3,6.4
4.3,6.2,8.3
7.7,8.0,11.0
7.8,11.0
6.1,7.8
7.4,11.0
2.2,11.0
3.4,10.1
4.4,21.0,21.0
4.3,6.4
4.3,6.2,8.3
18.2,18.5
17.7,19.2
7.7,6.9
6.1,7.8
14.4,21.0
14.3,16.6,18.3
5.9,16.5
4.3,6.8,7.8,11.0
4.0,6.1
14.3,16.1,17.6
13.4,16.1
4.2,5.2
5.8,11.0
3.8,7.4
6.3,8.4
17.3,18.9
16.4,19.1
4.3,6.8,8.2,21.0
4.4,6.4,8.5
8.1,9.9
3.8,6.0,16.3
6.3,8.4
4.3,6.8,8.2,17.1
4.4,6.4,8.5
17.4,21.0,21.0
17.3,19.6
17.3,19.4,21.0
7.3,8.9,11.0,11.0
2.0,11.0
5.8,11.0
3.8,7.4
6.3,8.4
4.3,12.1
3.4,6.1
17.7,18.1
17.0,19.1
8.1,9.9
5.1,6.9
7.4,11.0
2.2,11.0
3.8,6.0,16.3
6.3,8.4
4.3,12.1
3.4,6.1
17.4,21.0,21.0
17.3,19.6
17.3,19.4,21.0
7.7,7.8
5.1,6.9
2.0,11.0
3.8,6.0,16.3
6.3,8.4
17.7,18.1
17.0,19.1
4.4,21.0,21.0
4.3,6.4
4.3,6.2,8.3
7.3,8.9,11.0,11.0
7.4,11.0
2.2,11.0
3.8,6.0,16.3
6.3,8.4
17.3,18.9
16.4,19.1
4.4,21.0,21.0
4.3,6.4
4.3,6.2,8.3
7.7,7.8
4.4,17.1
4.3,6.5,13.8
17.3,18.9
16.4,19.1
4.3,6.8,8.2,21.0
4.4,6.4,8.5
7.7,8.0,11.0
7.8,11.0
4.4,17.1
4.3,6.5,13.8
4.3,6.8,8.2,17.1
4.4,6.4,8.5
18.2,18.4
17.7,19.2
7.3,8.9,11.0,11.0
2.0,11.0
4.4,17.1
4.3,6.5,13.8
4.3,12.1
3.4,6.1
17.7,18.1
17.0,19.1
7.7,8.0,11.0
7.8,11.0
5.1,6.9
7.4,11.0
2.2,11.0
4.4,17.1
4.3,6.5,13.8
4.3,12.1
3.4,6.1
18.2,18.4
17.7,19.2
7.7,6.9
5.1,6.9
14.4,21.0
14.3,16.6,18.3
4.3,6.8,7.8,11.0
4.0,6.1
15.2,15.4
14.7,16.2
14.8,18.5
3.8,6.4,8.0
2.0,11.0
4.4,17.1
4.3,6.5,13.8
17.7,18.1
17.0,19.1
5.2,5.6
4.7,6.2
6.3,8.5
7.3,8.9,11.0,11.0
7.4,11.0
2.2,11.0
4.4,17.1
4.3,6.5,13.8
17.3,18.9
16.4,19.1
5.2,5.6
4.7,6.2
6.3,8.5
7.7,7.8
10.5,16.0
11.3,16.0
4.3,12.8
4.4,21.0,21.0
4.3,6.4
4.3,6.2,8.3
5.1,6.9
10.5,16.0
11.3,16.0
4.3,21.0
16.4,19.1
4.4,21.0,21.0
4.3,6.4
4.3,6.2,8.3
3.8,6.3,8.0
10.5,16.0
11.3,16.0
17.3,18.9
4.4,6.4,8.5
17.4,21.0,21.0
17.3,19.6
17.3,19.4,21.0
6.3,8.5
14.4,16.0
5.8,11.6
10.9,16.0
11.3,16.0
16.4,19.1
4.4,6.4,8.5
6.3,8.5
3.2,5.0
10.5,16.0
11.3,16.0
17.3,19.0
3.4,6.1
17.4,21.0,21.0
17.3,19.6
17.3,19.4,21.0
14.4,16.0
5.8,11.6
10.9,16.0
11.3,16.0
3.4,6.1
3.2,5.0
10.5,16.0
2.2,4.6,17.1
5.2,5.6
4.7,6.2
10.5,16.0
16.4,19.1
2.2,4.6,17.1
5.2,5.6
4.7,6.2
2.4,11.0
14.4,21.0
14.3,16.6,18.3
5.9,16.5
4.3,11.0
3.4,6.1
14.7,14.8
4.2,5.2
2.0,16.0
10.5,16.0
17.7,18.1
4.4,6.4,8.5
18.2,18.4
17.7,19.2
6.3,8.5
2.3,16.0
10.5,13.6
16.4,19.1
4.4,6.4,8.5
6.3,8.5
2.0,16.0
10.5,16.0
3.4,6.1
17.7,18.1
18.2,18.4
17.7,19.2
2.3,16.0
10.5,13.6
3.4,6.1
10.5,16.0
17.3,18.9
4.3,6.8,7.8,21.0
17.4,21.0,21.0
17.3,19.6
17.3,19.4,21.0
5.2,5.5
4.7,6.2
14.4,16.0
5.8,11.6
10.9,16.0
16.4,19.1
7.8,17.0
5.2,5.5
4.7,6.2
3.2,5.0
2.0,16.0
10.5,16.0
4.3,12.8
17.7,18.1
4.4,21.0,21.0
4.3,6.4
4.3,6.2,8.3
18.2,18.5
17.7,19.2
5.1,6.9
2.3,16.0
10.5,13.6
4.3,21.0
16.4,19.1
4.4,21.0,21.0
4.3,6.4
4.3,6.2,8.3
3.8,6.3,8.0
2.3,16.0
5.8,11.6
10.9,16.0
3.4,6.1
17.7,18.1
18.2,18.4
17.7,19.2
3.2,5.0
2.3,16.0
10.5,13.6
17.3,19.0
3.4,6.1
17.4,21.0,21.0
17.3,19.6
17.3,19.4,21.0
4.5,11.0
4.4,6.4
14.4,21.0
14.3,16.6,18.3
4.3,11.0
3.4,6.1
15.2,15.4
14.7,16.2
14.8,18.5
4.7,4.8
10.5,16.0
17.3,19.0
4.3,6.8,8.3,21.0
17.4,21.0,21.0
17.3,19.6
17.3,19.4,21.0
5.2,5.5
4.7,6.2
14.4,16.0
5.8,11.6
10.9,16.0
7.8,17.0
5.2,5.5
4.7,6.2
3.2,5.0
2.0,16.0
10.5,16.0
4.3,12.1
17.7,18.1
4.4,21.0,21.0
4.3,6.4
4.3,6.2,8.3
18.2,18.5
17.7,19.2
5.1,6.9
2.3,16.0
10.5,13.6
4.3,12.1
4.4,21.0,21.0
4.3,6.4
4.3,6.2,8.3
5.1,6.9
2.3,16.0
5.8,11.6
10.9,16.0
17.7,18.1
4.4,6.4,8.5
18.2,18.4
17.7,19.2
6.3,8.5
3.2,5.0
2.3,16.0
10.5,13.6
17.3,19.0
4.4,6.4,8.5
17.4,21.0,21.0
17.3,19.6
17.3,19.4,21.0
6.3,8.5
5.8,11.6
10.6,16.0
4.3,12.1
3.4,6.1
18.2,18.4
17.7,19.2
5.1,6.9
10.5,13.6
4.3,12.1
3.4,6.1
17.4,21.0,21.0
17.3,19.6
17.3,19.4,21.0
5.1,6.9
5.8,11.6
10.6,16.0
17.3,18.9
16.4,19.1
5.2,5.5
4.7,6.2
6.3,8.5
10.5,16.0
17.4,21.0,21.0
17.3,19.6
17.3,19.4,21.0
5.2,5.5
4.7,6.2
6.3,8.5
3.1,4.9
2.4,11.0
14.4,21.0
14.3,16.6,18.3
5.2,5.6
4.7,6.2
3.0,6.2
14.7,14.8
3.8,7.3,8.6
10.5,13.6
17.3,18.9
16.4,19.1
4.4,21.0,21.0
4.3,6.4
4.3,6.2,8.3
10.5,16.0
4.4,21.0,21.0
4.3,6.4
4.3,6.2,8.3
18.2,18.5
17.7,19.2
3.1,4.9
5.8,11.6
10.6,16.0
4.3,6.8,8.2,17.1
4.4,6.4,8.5
18.2,18.4
17.7,19.2
10.5,13.6
4.3,6.8,8.2,17.1
4.4,6.4,8.5
17.4,21.0,21.0
17.3,19.6
17.3,19.4,21.0
2.0,16.0
5.8,11.6
10.6,16.0
17.7,18.1
5.2,5.5
4.7,6.2
6.3,8.5
2.3,16.0
10.5,16.0
17.4,21.0,21.0
17.3,19.6
17.3,19.4,21.0
5.2,5.5
4.7,6.2
6.3,8.5
2.0,16.0
10.5,13.6
17.7,18.1
4.4,21.0,21.0
4.3,6.4
4.3,6.2,8.3
2.3,16.0
10.5,16.0
4.4,21.0,21.0
4.3,6.4
4.3,6.2,8.3
18.2,18.5
17.7,19.2
5.8,11.6
10.6,16.0
11.3,16.0
17.3,18.9
16.4,19.1
4.3,6.8,8.2,21.0
4.4,6.4,8.5
10.5,16.0
11.3,16.0
4.3,6.8,8.2,17.1
4.4,6.4,8.5
17.4,21.0,21.0
17.3,19.6
17.3,19.4,21.0
3.1,4.9
4.5,11.0
4.4,6.4
14.4,21.0
14.3,16.6,18.3
5.2,5.6
4.7,6.2
3.0,6.2
14.3,16.1,17.6
13.4,16.1
4.7,4.8
2.0,16.0
5.8,11.6
10.6,16.0
11.3,16.0
4.3,12.1
3.4,6.1
17.7,18.1
5.1,6.9
2.3,16.0
10.5,16.0
11.3,16.0
4.3,12.1
3.4,6.1
17.4,21.0,21.0
17.3,19.6
17.3,19.4,21.0
5.1,6.9
2.0,16.0
10.5,16.0
11.3,16.0
17.7,18.1
4.4,21.0,21.0
4.3,6.4
4.3,6.2,8.3
3.2,5.0
2.3,16.0
10.5,16.0
11.3,16.0
17.3,18.9
16.4,19.1
4.4,21.0,21.0
4.3,6.4
4.3,6.2,8.3
10.5,13.6
17.3,18.9
16.4,19.1
4.3,6.8,8.2,21.0
4.4,6.4,8.5
10.5,16.0
4.3,6.8,8.2,17.1
4.4,6.4,8.5
18.2,18.4
17.7,19.2
3.1,4.9
2.0,16.0
10.5,13.6
4.3,12.1
3.4,6.1
17.7,18.1
5.1,6.9
2.3,16.0
10.5,16.0
4.3,12.1
3.4,6.1
18.2,18.4
17.7,19.2
5.1,6.9
2.0,16.0
10.5,16.0
17.7,18.1
5.2,5.6
4.7,6.2
6.3,8.5
3.2,5.0
2.3,16.0
10.5,16.0
17.3,18.9
16.4,19.1
5.2,5.6
4.7,6.2
6.3,8.5
10.5,16.0
9.4,11.8
10.2,11.4,16.0
4.3,11.0
4.4,11.0,11.0
4.3,6.4
4.3,6.2,8.3
14.8,18.5
9.7,9.8
17.3,19.8
10.5,16.8
6.3,11.0
4.3,12.8
4.4,21.0,21.0
4.3,6.4
4.3,6.2,8.3
17.7,17.8
5.1,6.9
17.3,19.8
4.4,6.4
10.5,16.8
6.3,11.0
4.3,21.0
16.4,19.1
4.4,21.0,21.0
4.3,6.4
4.3,6.2,8.3
17.7,17.8
4.8,8.4
3.8,6.3,8.0
17.3,19.8
10.5,16.8
6.3,11.0
17.3,18.9
4.4,6.4,8.5
17.3,17.5,21.0,21.0
17.3,19.6
18.1,19.9
6.3,8.5
14.4,17.3
2.7,5.8
10.9,16.8
6.3,11.0
16.4,19.1
4.4,6.4,8.5
6.3,8.5
4.3,5.9,8.1,9.7
17.7,17.8
5.1,6.9
17.3,19.8
4.4,6.4
10.5,16.8
6.3,11.0
17.3,19.0
3.4,6.1
17.3,17.5,21.0,21.0
17.3,19.6
18.1,19.9
4.8,8.4
14.4,17.3
2.7,5.8
10.9,16.8
6.3,11.0
3.4,6.1
4.3,5.9,8.1,9.7
17.7,17.8
5.1,6.9
17.3,19.5
10.5,21.0
2.2,4.6,17.1
5.2,5.6
4.7,6.2
19.1,21.0
4.4,6.4
17.3,19.5
10.5,21.0
16.4,19.1
2.2,4.6,17.1
5.2,5.6
4.7,6.2
19.1,21.0
4.8,8.4
2.3,21.0
17.3,19.5
10.5,21.0
17.7,18.1
4.4,6.4,8.5
18.2,18.4
17.7,19.2
6.3,8.5
19.1,21.0
4.5,21.0
17.3,19.5
10.5,13.6
16.4,19.1
4.4,6.4,8.5
6.3,8.5
19.1,21.0
4.7,4.8
4.7,5.0
4.2,5.9
9.4,11.4
10.5,16.0
9.4,11.8
10.2,11.4,16.0
4.3,11.0
4.4,11.0,11.0
4.3,6.4
4.3,6.2,8.3
9.7,9.8
2.3,21.0
4.4,6.4
17.3,19.5
10.5,21.0
3.4,6.1
17.7,18.1
18.2,18.4
17.7,19.2
19.1,21.0
4.8,8.4
4.5,21.0
17.3,19.5
10.5,13.6
3.4,6.1
19.1,21.0
4.7,4.8
4.7,5.0
4.2,5.9
17.4,19.4
10.5,21.0
17.3,18.9
4.3,6.8,7.8,21.0
17.3,17.6,21.0,21.0
17.3,19.6
18.1,19.9
5.2,5.5
4.7,6.2
14.4,17.3
17.4,19.4
2.7,5.8
10.9,21.0
16.4,19.1
7.8,17.0
5.2,5.5
4.7,6.2
4.3,5.9,8.1,9.7
5.1,6.9
2.3,15.4
17.4,19.4
10.5,21.0
4.3,12.8
17.7,18.1
4.4,21.0,21.0
4.3,6.4
4.3,6.2,8.3
18.2,18.5
17.7,19.2
5.1,6.9
4.5,15.5
17.4,19.4
10.5,13.6
4.3,21.0
16.4,19.1
4.4,21.0,21.0
4.3,6.4
4.3,6.2,8.3
4.7,4.8
4.7,5.0
4.2,5.9
3.8,6.3,8.0
2.3,15.4
17.4,19.4
2.7,5.8
10.9,21.0
3.4,6.1
17.7,18.1
18.2,18.4
17.7,19.2
4.3,5.9,8.1,9.7
5.1,6.9
4.5,15.5
17.4,19.4
10.5,13.6
17.3,19.0
3.4,6.1
17.3,17.5,21.0,21.0
17.3,19.6
18.1,19.9
4.7,5.0
4.2,5.9
4.4,6.4
10.5,21.0
17.3,19.0
4.3,6.8,8.3,21.0
17.3,17.6,21.0,21.0
17.3,19.6
18.1,19.9
5.2,5.5
4.7,6.2
4.8,8.4
14.4,17.3
2.7,5.8
10.9,21.0
7.8,17.0
5.2,5.5
4.7,6.2
4.3,5.9,8.1,9.7
5.1,6.9
2.7,5.8
14.4,16.8
15.2,14.7
3.4,6.1
14.8,18.5
3.8,6.4,8.0
5.1,6.9
14.7,14.8
10.5,16.0
9.4,11.8
10.2,11.4,16.0
4.0,6.1
3.0,6.2
14.3,16.1,17.6
15.1,15.2
14.7,16.4
15.1,18.1
9.7,9.8
2.3,15.4
4.4,6.4
10.5,21.0
4.3,12.1
17.7,18.1
4.4,21.0,21.0
4.3,6.4
4.3,6.2,8.3
18.2,18.5
17.7,19.2
4.8,8.4
5.1,6.9
4.5,15.5
10.5,13.6
4.3,12.1
4.4,21.0,21.0
4.3,6.4
4.3,6.2,8.3
4.7,4.8
4.7,5.0
4.2,5.9
5.1,6.9
2.3,15.4
2.7,5.8
10.9,21.0
17.7,18.1
4.4,6.4,8.5
18.2,18.4
17.7,19.2
6.3,8.5
4.3,5.9,8.1,9.7
5.1,6.9
4.5,15.5
10.5,13.6
17.3,19.0
4.4,6.4,8.5
17.3,17.5,21.0,21.0
17.3,19.6
18.1,19.9
6.3,8.5
4.7,5.0
4.2,5.9
17.3,19.8
17.4,19.4
2.7,5.8
10.5,21.0
4.3,12.1
3.4,6.1
18.2,18.4
17.7,19.2
17.7,17.8
5.1,6.9
5.1,6.9
17.3,19.8
17.4,19.4
10.5,13.6
4.3,12.1
3.4,6.1
17.3,17.5,21.0,21.0
17.3,19.6
18.1,19.9
17.7,17.8
4.7,5.0
4.2,5.9
4.8,8.4
5.1,6.9
17.3,19.8
17.4,19.4
2.7,5.8
10.5,21.0
17.3,18.9
16.4,19.1
5.2,5.5
4.7,6.2
6.3,8.5
17.7,17.8
5.1,6.9
17.3,19.8
17.4,19.4
10.5,21.0
17.3,17.5,21.0,21.0
17.3,19.6
18.1,19.9
5.2,5.5
4.7,6.2
6.3,8.5
4.3,5.9,8.2,9.8
17.7,17.8
17.3,19.8
17.4,19.4
10.5,13.6
17.3,18.9
16.4,19.1
4.4,21.0,21.0
4.3,6.4
4.3,6.2,8.3
17.7,17.8
4.7,5.0
4.2,5.9
4.8,8.4
17.3,19.8
17.4,19.4
10.5,21.0
4.4,21.0,21.0
4.3,6.4
4.3,6.2,8.3
18.2,18.5
17.7,19.2
4.3,5.9,8.2,9.8
17.7,17.8
9.3,11.2
11.1,16.0
9.4,11.8
10.2,11.4,16.0
4.0,6.1
3.0,6.2
8.8,11.3,13.0
10.1,11.9
9.7,9.8
2.7,5.8
10.5,21.0
4.3,6.8,8.2,17.1
4.4,6.4,8.5
18.2,18.4
17.7,19.2
19.1,21.0
5.1,6.9
10.5,13.6
4.3,6.8,8.2,17.1
4.4,6.4,8.5
17.3,17.6,21.0,21.0
17.3,19.6
18.1,19.9
19.1,21.0
4.7,5.0
4.2,5.9
4.8,8.4
2.3,21.0
2.7,5.8
10.5,21.0
17.7,18.1
5.2,5.5
4.7,6.2
6.3,8.5
19.1,21.0
5.1,6.9
4.5,21.0
4.4,6.4
10.5,21.0
17.3,17.5,21.0,21.0
17.3,19.6
18.1,19.9
5.2,5.5
4.7,6.2
6.3,8.5
19.1,21.0
4.7,4.8
2.3,21.0
10.5,13.6
17.7,18.1
4.4,21.0,21.0
4.3,6.4
4.3,6.2,8.3
19.1,21.0
4.7,5.0
4.2,5.9
4.8,8.4
4.5,21.0
4.4,6.4
10.5,21.0
4.4,21.0,21.0
4.3,6.4
4.3,6.2,8.3
18.2,18.5
17.7,19.2
19.1,21.0
4.7,4.8
2.7,5.8
10.5,16.8
6.3,11.0
17.3,18.9
16.4,19.1
4.3,6.8,8.2,21.0
4.4,6.4,8.5
5.1,6.9
10.5,16.8
6.3,11.0
4.3,6.8,8.2,17.1
4.4,6.4,8.5
17.3,17.6,21.0,21.0
17.3,19.6
18.1,19.9
4.3,5.9,8.2,9.8
2.3,15.5
2.7,5.8
10.5,16.8
6.3,11.0
4.3,12.1
3.4,6.1
17.7,18.1
5.1,6.9
5.1,6.9
4.5,15.5
4.4,6.4
10.5,16.8
6.3,11.0
4.3,12.1
3.4,6.1
17.3,17.5,21.0,21.0
17.3,19.6
18.1,19.9
4.7,4.8
5.1,6.9
9.4,11.4
10.5,16.0
9.4,11.8
10.2,11.4,16.0
3.4,6.1
14.3,16.1,17.6
15.1,15.2
14.7,16.4
15.1,18.2
9.7,9.8
2.3,15.5
10.5,16.8
6.3,11.0
17.7,18.1
4.4,21.0,21.0
4.3,6.4
4.3,6.2,8.3
4.3,5.9,8.1,9.7
4.5,15.5
4.4,6.4
10.5,16.8
6.3,11.0
17.3,18.9
16.4,19.1
4.4,21.0,21.0
4.3,6.4
4.3,6.2,8.3
4.7,4.8
17.3,19.5
10.5,13.6
17.3,18.9
16.4,19.1
4.3,6.8,8.2,21.0
4.4,6.4,8.5
4.7,5.0
4.2,5.9
4.8,8.4
17.3,19.5
10.5,21.0
4.3,6.8,8.2,17.1
4.4,6.4,8.5
18.2,18.4
17.7,19.2
4.3,5.9,8.2,9.8
2.3,15.5
17.3,19.5
10.5,13.6
4.3,12.1
3.4,6.1
17.7,18.1
4.7,5.0
4.2,5.9
4.8,8.4
5.1,6.9
4.5,15.5
4.4,6.4
17.3,19.5
10.5,21.0
4.3,12.1
3.4,6.1
18.2,18.4
17.7,19.2
4.7,4.8
5.1,6.9
2.3,15.5
17.3,19.5
10.5,21.0
17.7,18.1
5.2,5.6
4.7,6.2
6.3,8.5
4.3,5.9,8.1,9.7
4.5,15.5
4.4,6.4
17.3,19.5
10.5,21.0
17.3,18.9
16.4,19.1
5.2,5.6
4.7,6.2
6.3,8.5
4.7,4.8
17.3,19.8
10.5,16.8
4.3,12.8
4.4,21.0,21.0
4.3,6.4
4.3,6.2,8.3
17.7,17.8
5.1,6.9
17.3,19.8
9.4,11.4
10.5,16.8
4.3,12.8
4.4,21.0,21.0
4.3,6.4
4.3,6.2,8.3
17.7,17.8
9.8,13.4
5.1,6.9
9.3,11.2
11.1,16.0
9.4,11.8
10.2,11.3,16.0
3.4,6.1
14.8,18.5
8.8,11.3,13.0
10.1,11.9
9.7,9.8
17.3,19.8
10.5,16.8
17.3,18.9
4.4,6.4,8.5
18.1,18.2,21.0,21.0
6.3,8.5
17.7,17.8
14.4,17.3
9.3,11.2
11.1,16.8
4.4,6.4,8.5
6.3,8.5
9.3,10.9,26.0,26.0
17.7,17.8
10.1,11.9
17.3,19.8
9.4,11.4
10.5,16.8
17.3,19.0
3.4,6.1
18.1,18.2,21.0,21.0
17.7,17.8
9.8,13.4
14.4,17.3
9.3,11.2
11.1,16.8
3.4,6.1
9.3,10.9,26.0,26.0
17.7,17.8
10.1,11.9
17.3,19.5
10.5,26.0
4.6,6.0
2.2,4.6,17.1
5.2,5.6
4.7,6.2
19.1,20.8
9.4,11.4
17.3,19.5
10.5,26.0
4.6,6.0
2.2,4.6,17.1
5.2,5.6
4.7,6.2
19.1,20.8
9.8,13.4
2.0,20.7
17.3,19.5
10.5,26.0
4.6,6.0
17.7,18.1
4.4,6.4,8.5
18.2,18.4
17.7,19.2
6.3,8.5
19.1,20.8
9.4,21.2
17.3,19.5
10.5,13.6
4.6,6.0
4.4,6.4,8.5
6.3,8.5
19.1,20.8
9.7,9.8
9.7,10.0
9.2,10.9
2.0,20.7
9.4,11.4
17.3,19.5
10.5,26.0
4.6,6.0
3.4,6.1
17.7,18.1
18.2,18.4
17.7,19.2
19.1,20.8
9.8,13.4
9.4,21.2
17.3,19.5
10.5,13.6
4.6,6.0
3.4,6.1
19.1,20.8
9.7,9.8
9.7,10.0
9.2,11.0
10.5,16.0
9.3,16.0
9.3,11.6,13.3
2.2,4.6,11.0
5.2,5.6
4.7,6.2
14.8,18.5
11.1,12.8
17.4,19.4
10.5,26.0
17.3,18.9
4.3,6.8,7.8,21.0
18.1,18.2,21.0,21.0
5.2,5.5
4.7,6.2
14.4,17.3
17.4,19.4
9.3,11.2
11.1,26.0
7.8,17.0
5.2,5.5
4.7,6.2
9.3,10.9,26.0,26.0
10.1,11.9
2.0,15.2
17.4,19.4
10.5,26.0
4.3,12.8
17.7,18.1
4.4,21.0,21.0
4.3,6.4
4.3,6.2,8.3
18.2,18.5
17.7,19.2
5.1,6.9
9.4,15.5
17.4,19.4
10.5,13.6
4.3,12.8
4.4,21.0,21.0
4.3,6.4
4.3,6.2,8.3
9.7,9.8
9.7,10.0
9.2,11.0
5.1,6.9
2.0,15.4
17.4,19.4
9.3,11.2
11.1,26.0
3.4,6.1
17.7,18.1
18.2,18.4
17.7,19.2
9.3,10.9,26.0,26.0
10.1,11.9
9.4,15.5
17.4,19.4
26.0,14.0
10.5,13.6
17.3,19.0
3.4,6.1
18.1,21.0,21.0
9.7,9.8
9.7,10.0
9.2,11.0
9.4,11.4
10.5,26.0
17.3,19.0
4.3,6.8,8.3,21.0
18.1,18.2,21.0,21.0
5.2,5.5
4.7,6.2
9.8,13.4
14.4,17.3
9.3,11.2
11.1,26.0
7.8,17.0
5.2,5.5
4.7,6.2
9.3,10.9,26.0,26.0
10.1,11.9
2.0,15.2
9.4,11.4
10.5,26.0
4.3,12.1
17.7,18.1
4.4,21.0,21.0
4.3,6.4
4.3,6.2,8.3
18.2,18.5
17.7,19.2
9.8,13.4
5.1,6.9
9.4,15.5
10.5,13.6
4.3,12.1
4.4,21.0,21.0
4.3,6.4
4.3,6.2,8.3
9.7,9.8
9.7,10.0
9.2,11.0
5.1,6.9
9.4,11.4
10.5,16.0
9.3,16.0
9.3,11.6,13.3
2.2,4.6,11.0
5.2,5.6
4.7,6.2
11.1,12.8
2.0,15.4
9.3,11.2
11.1,26.0
17.7,18.1
4.4,6.4,8.5
18.2,18.4
17.7,19.2
6.3,8.5
9.3,10.9,26.0,26.0
10.1,11.9
9.4,15.5
26.0,14.0
10.5,13.6
17.3,19.0
4.4,6.4,8.5
18.1,21.0,21.0
6.3,8.5
9.7,9.8
9.7,10.0
9.2,11.0
17.3,19.8
17.4,19.4
9.3,11.2
11.0,26.0
4.3,12.1
3.4,6.1
18.2,18.4
17.7,19.2
17.7,17.8
10.1,11.9
5.1,6.9
17.3,19.8
17.4,19.4
10.8,13.6
4.3,12.1
3.4,6.1
18.1,18.2,21.0,21.0
17.7,17.8
9.7,10.0
9.2,11.0
9.8,13.4
5.1,6.9
17.3,19.8
17.4,19.4
9.3,11.2
11.0,26.0
17.3,18.9
5.2,5.5
4.7,6.2
6.3,8.5
17.7,17.8
10.1,11.9
17.3,19.8
17.4,19.4
10.8,26.0
18.1,18.2,21.0,21.0
5.2,5.5
4.7,6.2
6.3,8.5
9.3,10.9,26.0,26.0
17.7,17.8
17.3,19.8
17.4,19.4
10.5,13.6
17.3,18.9
4.4,21.0,21.0
4.3,6.4
4.3,6.2,8.3
17.7,17.8
9.7,10.0
9.2,11.0
9.8,13.4
17.3,19.8
17.4,19.4
10.5,26.0
4.4,21.0,21.0
4.3,6.4
4.3,6.2,8.3
18.2,18.5
17.7,19.2
9.3,10.9,26.0,26.0
17.7,17.8
9.3,11.2
11.0,26.0
4.6,6.0
4.3,6.8,8.2,17.1
4.4,6.4,8.5
18.2,18.4
17.7,19.2
19.1,20.8
10.1,11.9
10.8,13.6
4.6,6.0
4.3,6.8,8.2,17.1
4.4,6.4,8.5
18.1,18.2,21.0,21.0
19.1,20.8
9.7,10.0
9.2,11.0
9.8,13.4
2.1,16.0
10.5,16.0
9.3,16.0
9.3,11.6,13.3
4.0,6.1
3.0,6.2
14.7,14.8
15.2,15.4
14.7,16.2
11.1,12.8
2.0,20.6
9.3,11.2
11.0,26.0
4.6,6.0
17.7,18.1
5.2,5.5
4.7,6.2
6.3,8.5
19.1,20.8
10.1,11.9
9.4,20.7
9.4,11.4
10.8,26.0
4.6,6.0
18.1,18.2,21.0,21.0
5.2,5.5
4.7,6.2
6.3,8.5
19.1,20.8
9.7,9.8
2.0,20.6
10.5,13.6
4.6,6.0
17.7,18.1
4.4,21.0,21.0
4.3,6.4
4.3,6.2,8.3
19.1,20.8
9.7,10.0
9.2,11.0
9.8,13.4
9.4,20.7
9.4,11.4
10.5,26.0
4.6,6.0
4.4,21.0,21.0
4.3,6.4
4.3,6.2,8.3
18.2,18.5
17.7,19.2
19.1,20.8
9.7,9.8
9.3,11.2
11.0,16.8
17.3,18.9
4.3,6.8,8.2,21.0
4.4,6.4,8.5
10.1,11.9
10.8,16.8
4.3,6.8,8.2,17.1
4.4,6.4,8.5
18.1,18.2,21.0,21.0
9.3,10.9,26.0,26.0
2.0,15.4
9.3,11.2
11.0,16.8
4.3,12.1
3.4,6.1
17.7,18.1
10.1,11.9
5.1,6.9
9.4,15.5
9.4,11.4
10.8,16.8
4.3,12.1
3.4,6.1
18.1,18.2,21.0,21.0
9.7,9.8
5.1,6.9
2.0,15.4
10.5,16.8
17.7,18.1
4.4,21.0,21.0
4.3,6.4
4.3,6.2,8.3
9.3,10.9,26.0,26.0
9.4,15.5
9.4,11.4
10.5,16.8
17.3,18.9
4.4,21.0,21.0
4.3,6.4
4.3,6.2,8.3
9.7,9.8
9.4,16.0
10.5,14.1
9.3,16.0
9.3,11.6,13.3
4.0,6.1
3.0,6.2
9.7,9.8
9.2,9.7
11.1,12.8
17.3,19.5
10.5,13.6
17.3,18.9
4.3,6.8,8.2,21.0
4.4,6.4,8.5
9.7,10.0
9.2,11.0
9.8,13.4
17.3,19.5
10.5,26.0
4.3,6.8,8.2,17.1
4.4,6.4,8.5
18.2,18.4
17.7,19.2
9.3,10.9,26.0,26.0
2.0,15.4
17.3,19.5
10.5,13.6
4.3,12.1
3.4,6.1
17.7,18.1
9.7,10.0
9.2,11.0
9.8,13.4
5.1,6.9
9.4,15.5
9.4,11.4
17.3,19.5
10.5,26.0
4.3,12.1
3.4,6.1
18.2,18.4
17.7,19.2
9.7,9.8
5.1,6.9
2.0,15.4
17.3,19.5
10.5,26.0
17.7,18.1
5.2,5.6
4.7,6.2
6.3,8.5
9.3,10.9,26.0,26.0
9.4,15.5
9.4,11.4
17.3,19.5
10.5,26.0
17.3,18.9
5.2,5.6
4.7,6.2
6.3,8.5
9.7,9.8
5.9,16.3
4.3,26.0
26.0,17.3
12.0,14.1
4.4,26.0,26.0
4.3,6.4
4.3,6.2,26.0
11.0,14.2
6.1,7.8
5.1,6.4
5.9,16.3
4.3,26.0
11.4,14.1
26.0,17.3
4.4,26.0,26.0
4.3,6.4
4.3,6.2,26.0
3.8,6.3,8.0
5.1,6.4
5.9,16.3
12.3,13.8
4.4,6.4,8.5
12.4,19.7,26.0
12.3,14.6
12.3,14.4,16.6
6.3,8.5
5.8,11.0
5.9,16.3
11.4,14.1
4.4,6.4,8.5
6.3,8.5
3.2,6.0
2.1,16.0
9.4,11.4
10.5,16.0
9.3,16.0
9.3,11.6,13.3
3.4,6.1
14.7,14.8
15.2,15.4
14.7,16.2
11.1,12.8
5.9,16.3
12.3,13.9
3.4,6.1
12.4,19.6,20.8
12.3,14.6
12.3,14.4,16.6
5.8,11.0
5.9,16.3
3.4,6.1
12.0,14.1
11.0,14.2
3.2,6.0
13.8,17.1
2.4,4.8,17.3
12.0,14.1
5.2,5.6
4.7,6.2
11.0,14.2
13.8,17.1
11.4,14.1
2.4,4.8,17.3
5.2,5.6
4.7,6.2
13.8,17.1
2.4,4.8,17.0
4.4,6.4,8.5
13.2,13.4
12.7,14.2
6.3,8.5
2.0,11.0
13.8,17.1
11.4,14.1
4.4,6.4,8.5
6.3,8.5
13.8,17.1
3.4,6.1
2.4,4.8,17.0
13.2,13.4
12.7,14.2
2.0,11.0
13.8,17.1
3.4,6.1
12.0,14.1
11.0,14.2
12.3,13.8
4.3,6.8,7.8,21.0
12.4,19.7,26.0
12.3,14.6
12.3,14.4,16.6
5.2,5.5
4.7,6.2
5.8,11.0
11.4,14.1
4.3,6.8,7.8,17.0
5.2,5.5
4.7,6.2
3.2,6.0
9.4,16.0
10.5,13.6
9.3,16.0
9.3,11.6,13.3
3.4,6.1
14.8,18.5
9.7,9.8
9.2,9.7
11.1,12.8
4.3,26.0
12.3,14.8,12.7,17.7
4.4,26.0,26.0
4.3,6.4
4.3,6.2,26.0
13.2,13.5
12.7,14.2
3.8,6.3,8.0
5.1,6.4
2.0,11.0
4.3,26.0
11.4,14.1
26.0,17.3
4.4,26.0,26.0
4.3,6.4
4.3,6.2,26.0
3.8,6.3,8.0
5.1,6.4
5.8,11.0
3.4,6.1
12.3,14.8,12.7,17.7
13.2,13.4
12.7,14.2
3.2,6.0
2.0,11.0
12.3,13.9
3.4,6.1
12.4,19.6,20.8
12.3,14.6
12.3,14.4,16.6
12.3,13.9
4.3,6.8,26.0,21.0
12.4,19.7,26.0
12.3,14.6
12.3,14.4,16.6
5.2,5.5
4.7,6.2
5.8,11.0
4.3,6.8,26.0,17.3
12.0,14.1
5.2,5.5
4.7,6.2
11.0,14.2
3.2,6.0
4.3,26.0
12.3,14.8,12.4,17.7
4.4,26.0,26.0
4.3,6.4
4.3,6.2,26.0
13.2,13.5
12.7,14.2
3.8,6.3,8.0
5.1,6.4
2.0,11.0
4.3,26.0
26.0,17.3
12.0,14.1
4.4,26.0,26.0
4.3,6.4
4.3,6.2,26.0
11.0,14.2
3.8,6.3,8.0
5.1,6.4
5.8,11.0
12.3,14.8,12.4,17.7
4.4,6.4,8.5
13.2,13.4
12.7,14.2
6.3,8.5
3.2,6.0
2.0,11.0
12.3,13.9
4.4,6.4,8.5
12.4,19.7,26.0
12.3,14.6
12.3,14.4,16.6
6.3,8.5
14.4,21.0
14.3,16.6,18.3
2.2,4.6,11.0
5.2,5.6
4.7,6.2
14.8,18.5
16.1,17.8
10.5,16.0
9.4,11.4,13.9
11.3,13.6
4.3,6.8,7.8,11.0
5.2,5.5
4.7,6.2
14.3,16.1,17.6
15.1,15.2
14.7,16.4
15.1,18.1
5.8,11.0
4.3,26.0
3.4,6.1
13.2,13.4
12.7,14.2
11.0,14.2
3.8,6.3,8.0
4.3,26.0
3.4,6.1
12.4,19.6,20.8
12.3,14.6
12.3,14.4,16.6
3.8,6.3,8.0
5.8,11.0
12.3,13.8
11.4,14.1
5.2,5.5
4.7,6.2
6.3,8.5
12.4,19.6,20.8
12.3,14.6
12.3,14.4,16.6
5.2,5.5
4.7,6.2
6.3,8.5
3.2,6.0
12.3,13.8
11.4,14.1
4.4,26.0,26.0
4.3,6.4
4.3,6.2,26.0
5.1,6.4
4.4,26.0,26.0
4.3,6.4
4.3,6.2,26.0
13.2,13.5
12.7,14.2
11.0,14.2
3.2,6.0
5.1,6.4
5.8,11.0
4.3,6.8,26.0,17.3
4.4,6.4,8.5
13.2,13.4
12.7,14.2
11.0,14.2
4.3,6.8,26.0,17.3
4.4,6.4,8.5
12.4,19.6,20.8
12.3,14.6
12.3,14.4,16.6
5.8,11.0
12.3,14.8,12.4,17.7
12.0,14.1
5.2,5.5
4.7,6.2
6.3,8.5
2.0,11.0
12.4,19.6,20.8
12.3,14.6
12.3,14.4,16.6
5.2,5.5
4.7,6.2
6.3,8.5
9.3,11.2
11.1,16.0
9.4,11.4,13.9
11.3,13.6
4.3,6.8,7.8,11.0
5.2,5.6
4.7,6.2
8.8,11.3,13.0
10.1,11.9
12.3,14.8,12.4,17.7
12.0,14.1
4.4,26.0,26.0
4.3,6.4
4.3,6.2,26.0
5.1,6.4
2.0,11.0
4.4,26.0,26.0
4.3,6.4
4.3,6.2,26.0
13.2,13.5
12.7,14.2
11.0,14.2
5.1,6.4
5.8,11.0
5.9,16.3
12.3,13.8
11.4,14.1
4.3,6.8,26.0,17.3
4.4,6.4,8.5
5.9,16.3
4.3,6.8,26.0,17.3
4.4,6.4,8.5
12.4,19.6,20.8
12.3,14.6
12.3,14.4,16.6
3.2,6.0
5.8,11.0
5.9,16.3
4.3,26.0
3.4,6.1
12.3,14.8,12.4,17.7
12.0,14.1
3.8,6.3,8.0
2.0,11.0
5.9,16.3
4.3,26.0
3.4,6.1
12.4,19.6,20.8
12.3,14.6
12.3,14.4,16.6
3.8,6.3,8.0
5.9,16.3
12.3,14.8,12.4,17.7
12.0,14.1
4.4,26.0,26.0
4.3,6.4
4.3,6.2,26.0
3.2,6.0
5.1,6.4
2.0,11.0
5.9,16.3
12.3,13.8
11.4,14.1
4.4,26.0,26.0
4.3,6.4
4.3,6.2,26.0
5.1,6.4
13.8,17.1
12.3,13.8
11.4,14.1
4.3,6.8,26.0,17.3
4.4,6.4,8.5
13.8,17.1
4.3,6.8,26.0,17.3
4.4,6.4,8.5
13.2,13.4
12.7,14.2
11.0,14.2
3.2,6.0
2.1,16.0
10.5,16.0
9.4,11.4,13.9
11.3,13.6
4.3,11.0
4.4,11.0,11.0
4.3,6.4
4.3,6.2,8.3
14.7,14.8
15.2,15.5
14.7,16.2
13.8,17.1
4.3,26.0
3.4,6.1
12.3,14.8,12.4,17.7
12.0,14.1
3.8,6.3,8.0
2.0,11.0
13.8,17.1
4.3,26.0
3.4,6.1
13.2,13.4
12.7,14.2
11.0,14.2
3.8,6.3,8.0
13.8,17.1
12.3,14.8,12.4,17.7
12.0,14.1
5.2,5.6
4.7,6.2
6.3,8.5
3.2,6.0
2.0,11.0
13.8,17.1
12.3,13.8
11.4,14.1
5.2,5.6
4.7,6.2
6.3,8.5
12.3,16.0
10.5,13.6
11.3,16.0
4.3,26.0
26.0,17.3
12.0,14.1
4.4,26.0,26.0
4.3,6.4
4.3,6.2,26.0
6.1,7.8
5.1,6.4
12.3,16.0
10.5,13.6
11.3,16.0
4.3,26.0
11.4,14.1
26.0,17.3
4.4,26.0,26.0
4.3,6.4
4.3,6.2,26.0
3.8,6.3,8.0
5.1,6.4
12.3,16.0
10.5,14.1
11.3,16.0
12.3,13.8
4.4,6.4,8.5
12.4,19.7,21.7
12.3,14.6
12.3,14.4,16.6
6.3,8.5
12.7,12.8
12.3,16.0
5.8,14.7
10.6,14.1
11.3,16.0
11.4,14.1
4.4,6.4,8.5
6.3,8.5
3.9,6.0,6.0
12.7,12.8
12.3,16.0
10.5,13.6
11.3,16.0
12.3,13.9
3.4,6.1
12.4,19.6,20.8
12.3,14.6
12.3,14.4,16.6
12.7,12.8
12.3,16.0
5.8,14.7
10.6,13.6
11.3,16.0
3.4,6.1
12.0,14.1
3.9,6.0,6.0
12.7,12.8
9.4,16.0
10.5,14.1
9.4,11.4,13.9
11.2,16.0
11.3,13.6
4.3,11.0
4.4,11.0,11.0
4.3,6.4
4.3,6.2,8.3
9.7,9.8
9.2,9.7
12.3,14.5
8.8,12.1
2.4,4.8,17.3
12.0,14.1
5.2,5.6
4.7,6.2
14.1,16.0
12.3,14.5
8.8,12.1
11.4,14.1
2.4,4.8,17.3
5.2,5.6
4.7,6.2
14.1,16.0
2.0,16.0
12.3,14.5
8.8,12.1
12.7,17.0
4.4,6.4,8.5
13.2,13.4
12.7,14.2
6.3,8.5
14.1,16.0
2.2,16.0
12.3,14.5
8.8,12.1
11.4,14.1
4.4,6.4,8.5
6.3,8.5
3.4,6.0
14.1,16.0
2.0,16.0
12.3,14.5
8.8,12.1
3.4,6.1
12.7,17.0
13.2,13.4
12.7,14.2
14.1,16.0
2.2,16.0
12.3,14.5
8.8,12.1
3.4,6.1
12.0,14.1
3.4,6.0
14.1,16.0
12.4,14.4
10.5,16.0
12.3,13.8
4.3,6.8,7.8,24.9
12.4,19.7,21.7
12.3,14.6
12.3,14.4,16.6
5.2,5.5
4.7,6.2
12.4,14.4
5.8,11.7
10.6,16.0
11.4,14.1
4.3,6.8,7.8,17.0
5.2,5.5
4.7,6.2
3.9,6.0,6.0
2.0,16.0
12.4,14.4
10.5,16.0
4.3,26.0
12.7,17.0
4.4,26.0,26.0
4.3,6.4
4.3,6.2,26.0
13.2,13.5
12.7,14.2
6.1,7.8
5.1,6.4
2.2,16.0
12.4,14.4
10.6,16.0
4.3,26.0
11.4,14.1
26.0,17.3
4.4,26.0,26.0
4.3,6.4
4.3,6.2,26.0
3.4,6.0
3.8,6.3,8.0
5.1,6.4
2.1,16.0
9.3,11.2
11.1,16.0
9.4,11.4,13.9
11.3,13.6
3.4,6.1
14.7,14.8
15.2,15.4
14.7,16.2
8.8,11.3,13.0
10.1,11.9
2.3,16.0
12.4,14.4
5.8,11.7
10.6,16.0
3.4,6.1
12.7,17.0
13.2,13.4
12.7,14.2
3.9,6.0,6.0
2.2,16.0
12.4,14.4
10.6,16.0
12.3,13.9
3.4,6.1
12.4,19.6,20.8
12.3,14.6
12.3,14.4,16.6
3.5,6.0
10.5,16.0
12.3,13.9
4.3,6.8,26.0,24.9
12.4,19.7,21.7
12.3,14.6
12.3,14.4,16.6
5.2,5.5
4.7,6.2
5.8,11.7
10.6,16.0
4.3,6.8,26.0,17.3
12.0,14.1
5.2,5.5
4.7,6.2
3.9,6.0,6.0
2.0,16.0
10.5,16.0
4.3,26.0
12.7,17.0
4.4,26.0,26.0
4.3,6.4
4.3,6.2,26.0
13.2,13.5
12.7,14.2
3.8,6.3,8.0
5.1,6.4
2.2,16.0
10.6,16.0
4.3,26.0
26.0,17.3
12.0,14.1
4.4,26.0,26.0
4.3,6.4
4.3,6.2,26.0
3.4,6.0
3.8,6.3,8.0
5.1,6.4
2.3,16.0
5.8,11.7
10.6,16.0
12.7,17.0
4.4,6.4,8.5
13.2,13.4
12.7,14.2
6.3,8.5
3.9,6.0,6.0
2.2,16.0
10.6,16.0
12.3,13.9
4.4,6.4,8.5
12.4,19.7,21.7
12.3,14.6
12.3,14.4,16.6
6.3,8.5
3.5,6.0
12.3,16.0
12.4,14.4
5.8,14.7
11.0,16.0
4.3,26.0
3.4,6.1
13.2,13.4
12.7,14.2
12.7,12.8
3.8,6.3,8.0
12.3,16.0
12.4,14.4
10.6,16.0
4.3,26.0
3.4,6.1
12.4,19.6,20.8
12.3,14.6
12.3,14.4,16.6
3.5,6.0
12.7,12.8
3.8,6.3,8.0
9.4,16.0
10.5,14.1
9.4,11.4,13.9
11.2,16.0
11.3,13.6
3.4,6.1
14.3,16.1,17.6
15.1,15.2
14.7,16.4
15.1,18.2
9.7,9.8
9.2,9.7
12.3,16.0
12.4,14.4
5.8,14.7
11.0,16.0
12.3,13.8
11.4,14.1
5.2,5.5
4.7,6.2
6.3,8.5
12.7,12.8
12.3,16.0
12.4,14.4
10.6,16.0
12.4,19.6,20.8
12.3,14.6
12.3,14.4,16.6
5.2,5.5
4.7,6.2
6.3,8.5
3.9,6.0,6.0
12.7,12.8
12.3,16.0
12.4,14.4
10.6,16.0
12.3,13.8
11.4,14.1
4.4,26.0,26.0
4.3,6.4
4.3,6.2,26.0
3.4,6.0
12.7,12.8
5.1,6.4
12.3,16.0
12.4,14.4
10.6,16.0
4.4,26.0,26.0
4.3,6.4
4.3,6.2,26.0
13.2,13.5
12.7,14.2
3.9,6.0,6.0
12.7,12.8
5.1,6.4
5.8,11.7
11.0,16.0
4.3,6.8,26.0,17.3
4.4,6.4,8.5
13.2,13.4
12.7,14.2
14.1,16.0
10.6,16.0
4.3,6.8,26.0,17.3
4.4,6.4,8.5
12.4,19.6,20.8
12.3,14.6
12.3,14.4,16.6
3.5,6.0
14.1,16.0
2.0,16.0
5.8,11.7
11.0,16.0
12.7,17.0
12.0,14.1
5.2,5.5
4.7,6.2
6.3,8.5
14.1,16.0
2.2,16.0
10.6,16.0
12.4,19.6,20.8
12.3,14.6
12.3,14.4,16.6
5.2,5.5
4.7,6.2
6.3,8.5
14.1,16.0
2.0,16.0
10.6,16.0
12.7,17.0
12.0,14.1
4.4,26.0,26.0
4.3,6.4
4.3,6.2,26.0
3.4,6.0
14.1,16.0
5.1,6.4
2.2,16.0
10.6,16.0
4.4,26.0,26.0
4.3,6.4
4.3,6.2,26.0
13.2,13.5
12.7,14.2
14.1,16.0
5.1,6.4
9.4,11.4
10.5,16.0
8.4,11.0
4.3,6.8,8.3,11.0
5.2,5.5
4.7,6.2
14.3,16.1,17.6
15.1,15.2
14.7,16.4
15.1,18.1
5.8,11.7
11.0,14.0
11.3,16.0
12.3,13.8
11.4,14.1
4.3,6.8,26.0,17.3
4.4,6.4,8.5
10.6,14.0
11.3,16.0
4.3,6.8,26.0,17.3
4.4,6.4,8.5
12.4,19.6,20.8
12.3,14.6
12.3,14.4,16.6
3.9,6.0,6.0
2.0,16.0
5.8,11.7
11.0,14.0
11.3,16.0
4.3,26.0
3.4,6.1
12.7,17.0
12.0,14.1
3.8,6.3,8.0
2.2,16.0
10.6,14.0
11.3,16.0
4.3,26.0
3.4,6.1
12.4,19.6,20.8
12.3,14.6
12.3,14.4,16.6
3.8,6.3,8.0
2.0,16.0
10.6,14.0
11.3,16.0
12.7,17.0
12.0,14.1
4.4,26.0,26.0
4.3,6.4
4.3,6.2,26.0
3.9,6.0,6.0
5.1,6.4
2.2,16.0
10.6,14.0
11.3,16.0
12.3,13.8
11.4,14.1
4.4,26.0,26.0
4.3,6.4
4.3,6.2,26.0
5.1,6.4
12.3,14.5
8.8,12.1
12.3,13.8
11.4,14.1
4.3,6.8,26.0,17.3
4.4,6.4,8.5
3.4,6.0
12.3,14.5
8.8,12.1
4.3,6.8,26.0,17.3
4.4,6.4,8.5
13.2,13.4
12.7,14.2
3.9,6.0,6.0
2.0,16.0
12.3,14.5
8.8,12.1
4.3,26.0
3.4,6.1
12.7,17.0
12.0,14.1
3.4,6.0
3.8,6.3,8.0
2.2,16.0
12.3,14.5
8.8,12.1
4.3,26.0
3.4,6.1
13.2,13.4
12.7,14.2
3.8,6.3,8.0
9.3,11.2
11.1,16.0
8.4,11.0
4.3,6.8,8.3,11.0
4.7,6.2
14.8,18.5
8.8,11.3,13.0
10.1,11.9
2.0,16.0
12.3,14.5
8.8,12.1
12.7,17.0
12.0,14.1
5.2,5.6
4.7,6.2
6.3,8.5
3.9,6.0,6.0
2.2,16.0
12.3,14.5
8.8,12.1
12.3,13.8
11.4,14.1
5.2,5.6
4.7,6.2
6.3,8.5
12.3,15.7
10.5,13.6
6.3,11.0
4.3,26.0
26.0,17.3
4.4,26.0,26.0
4.3,6.4
4.3,6.2,26.0
6.1,7.8
5.1,6.4
12.3,15.7
10.5,13.6
6.3,11.0
4.3,26.0
11.4,14.1
26.0,17.3
4.4,26.0,26.0
4.3,6.4
4.3,6.2,26.0
3.8,6.3,8.0
5.1,6.4
12.3,15.7
10.5,14.1
6.3,11.0
12.3,13.8
4.4,6.4,8.5
12.4,19.7,21.7
12.3,14.6
12.3,14.4,16.6
6.3,8.5
12.7,12.8
12.3,15.7
5.8,14.7
10.6,14.1
6.3,11.0
11.4,14.1
4.4,6.4,8.5
6.3,8.5
3.2,5.0
12.7,12.8
12.3,15.7
10.5,13.6
6.3,11.0
12.3,13.9
3.4,6.1
12.4,19.6,20.8
12.3,14.6
12.3,14.4,16.6
12.7,12.8
12.3,15.7
5.8,14.7
10.6,13.6
6.3,11.0
3.4,6.1
3.2,5.0
12.7,12.8
12.3,14.5
15.7,21.0
3.8,7.1
2.4,4.8,17.3
5.2,5.6
4.7,6.2
14.1,15.8
12.3,14.5
15.7,21.0
3.8,7.1
11.4,14.1
2.4,4.8,17.3
5.2,5.6
4.7,6.2
14.1,15.8
2.1,16.0
9.4,11.4
10.5,16.0
8.4,11.0
4.3,11.0
4.4,11.0,11.0
4.3,6.4
4.3,6.2,8.3
14.7,14.8
15.2,15.5
14.7,16.2
2.0,18.9
12.3,14.5
15.7,21.0
3.8,7.1
12.7,17.0
4.4,6.4,8.5
13.2,13.4
12.7,14.2
6.3,8.5
14.1,15.8
2.3,18.9
12.3,14.5
15.7,21.0
3.8,7.1
11.4,14.1
4.4,6.4,8.5
6.3,8.5
14.1,15.8
2.0,18.9
12.3,14.5
15.7,21.0
3.8,7.1
3.4,6.1
12.7,17.0
13.2,13.4
12.7,14.2
14.1,15.8
2.3,18.9
12.3,14.5
15.7,21.0
3.8,7.1
3.4,6.1
14.1,15.8
12.4,14.4
10.5,21.0
12.3,13.8
4.3,6.8,7.8,24.9
12.4,19.7,21.7
12.3,14.6
12.3,14.4,16.6
5.2,5.5
4.7,6.2
12.4,14.4
5.8,11.7
10.6,21.0
11.4,14.1
4.3,6.8,7.8,17.0
5.2,5.5
4.7,6.2
3.2,5.0
2.0,15.4
12.4,14.4
10.5,21.0
4.3,26.0
12.7,17.0
4.4,26.0,26.0
4.3,6.4
4.3,6.2,26.0
13.2,13.5
12.7,14.2
6.1,7.8
5.1,6.4
2.3,15.3
12.4,14.4
10.6,21.0
4.3,26.0
11.4,14.1
26.0,17.3
4.4,26.0,26.0
4.3,6.4
4.3,6.2,26.0
3.8,6.3,8.0
5.1,6.4
2.3,15.2
12.4,14.4
5.8,11.7
10.6,21.0
3.4,6.1
12.7,17.0
13.2,13.4
12.7,14.2
3.2,5.0
2.3,15.3
12.4,14.4
10.6,21.0
12.3,13.9
3.4,6.1
12.4,19.6,20.8
12.3,14.6
12.3,14.4,16.6
9.4,16.0
10.5,13.6
8.4,11.0
11.2,16.0
4.3,11.0
4.4,11.0,11.0
4.3,6.4
4.3,6.2,8.3
14.8,18.5
9.7,9.8
9.2,9.7
10.5,21.0
12.3,13.9
4.3,6.8,26.0,24.9
12.4,19.7,21.7
12.3,14.6
12.3,14.4,16.6
5.2,5.5
4.7,6.2
5.8,11.7
10.6,21.0
4.3,6.8,26.0,17.3
5.2,5.5
4.7,6.2
3.2,5.0
2.0,15.4
10.5,21.0
4.3,26.0
12.7,17.0
4.4,26.0,26.0
4.3,6.4
4.3,6.2,26.0
13.2,13.5
12.7,14.2
3.8,6.3,8.0
5.1,6.4
2.3,15.3
10.6,21.0
4.3,26.0
26.0,17.3
4.4,26.0,26.0
4.3,6.4
4.3,6.2,26.0
3.8,6.3,8.0
5.1,6.4
2.3,15.2
5.8,11.7
10.6,21.0
12.7,17.0
4.4,6.4,8.5
13.2,13.4
12.7,14.2
6.3,8.5
3.2,5.0
2.3,15.3
10.6,21.0
12.3,13.9
4.4,6.4,8.5
12.4,19.7,21.7
12.3,14.6
12.3,14.4,16.6
6.3,8.5
12.3,15.7
12.4,14.4
5.8,14.7
10.7,21.0
4.3,26.0
3.4,6.1
13.2,13.4
12.7,14.2
12.7,12.8
3.8,6.3,8.0
12.3,15.7
12.4,14.4
10.6,21.0
4.3,26.0
3.4,6.1
12.4,19.6,20.8
12.3,14.6
12.3,14.4,16.6
12.7,12.8
3.8,6.3,8.0
12.3,15.7
12.4,14.4
5.8,14.7
10.7,21.0
12.3,13.8
11.4,14.1
5.2,5.5
4.7,6.2
6.3,8.5
12.7,12.8
12.3,15.7
12.4,14.4
10.6,21.0
12.4,19.6,20.8
12.3,14.6
12.3,14.4,16.6
5.2,5.5
4.7,6.2
6.3,8.5
3.1,4.9
12.7,12.8
4.4,6.4
14.4,21.0
14.3,16.6,18.3
2.2,4.6,11.0
5.2,5.6
4.7,6.2
13.4,16.1
16.1,17.8
2.1,16.0
9.3,11.2
11.1,16.0
8.4,11.0
4.0,6.1
3.0,6.2
14.7,14.8
15.2,15.4
14.7,16.2
8.8,11.3,13.0
10.1,11.9
12.3,15.7
12.4,14.4
10.6,21.0
12.3,13.8
11.4,14.1
4.4,26.0,26.0
4.3,6.4
4.3,6.2,26.0
12.7,12.8
5.1,6.4
12.3,15.7
12.4,14.4
10.6,21.0
4.4,26.0,26.0
4.3,6.4
4.3,6.2,26.0
13.2,13.5
12.7,14.2
3.1,4.9
12.7,12.8
5.1,6.4
5.8,11.7
10.7,21.0
4.3,6.8,26.0,17.3
4.4,6.4,8.5
13.2,13.4
12.7,14.2
14.1,15.8
10.6,21.0
4.3,6.8,26.0,17.3
4.4,6.4,8.5
12.4,19.6,20.8
12.3,14.6
12.3,14.4,16.6
14.1,15.8
2.0,15.4
5.8,11.7
10.7,21.0
12.7,17.0
5.2,5.5
4.7,6.2
6.3,8.5
14.1,15.8
2.3,15.4
10.6,21.0
12.4,19.6,20.8
12.3,14.6
12.3,14.4,16.6
5.2,5.5
4.7,6.2
6.3,8.5
14.1,15.8
2.0,15.4
10.6,21.0
12.7,17.0
4.4,26.0,26.0
4.3,6.4
4.3,6.2,26.0
14.1,15.8
5.1,6.4
2.3,15.4
10.6,21.0
4.4,26.0,26.0
4.3,6.4
4.3,6.2,26.0
13.2,13.5
12.7,14.2
14.1,15.8
5.1,6.4
5.8,11.7
10.7,14.0
6.3,11.0
12.3,13.8
11.4,14.1
4.3,6.8,26.0,17.3
4.4,6.4,8.5
10.6,14.0
6.3,11.0
4.3,6.8,26.0,17.3
4.4,6.4,8.5
12.4,19.6,20.8
12.3,14.6
12.3,14.4,16.6
3.1,4.9
9.4,16.0
10.5,14.1
8.4,11.0
11.2,16.0
4.0,6.1
3.0,6.2
14.3,16.1,17.6
15.1,15.2
14.7,16.4
15.1,18.1
9.7,9.8
9.2,9.7
2.0,15.3
5.8,11.7
10.7,14.0
6.3,11.0
4.3,26.0
3.4,6.1
12.7,17.0
3.8,6.3,8.0
2.3,15.3
10.6,14.0
6.3,11.0
4.3,26.0
3.4,6.1
12.4,19.6,20.8
12.3,14.6
12.3,14.4,16.6
3.8,6.3,8.0
2.0,15.3
10.6,14.0
6.3,11.0
12.7,17.0
4.4,26.0,26.0
4.3,6.4
4.3,6.2,26.0
3.2,5.0
5.1,6.4
2.3,15.3
10.6,14.0
6.3,11.0
12.3,13.8
11.4,14.1
4.4,26.0,26.0
4.3,6.4
4.3,6.2,26.0
5.1,6.4
12.3,14.5
15.2,21.0
3.8,7.1
12.3,13.8
11.4,14.1
4.3,6.8,26.0,17.3
4.4,6.4,8.5
12.3,14.5
15.2,21.0
3.8,7.1
4.3,6.8,26.0,17.3
4.4,6.4,8.5
13.2,13.4
12.7,14.2
3.1,4.9
2.0,15.3
12.3,14.5
15.2,21.0
3.8,7.1
4.3,26.0
3.4,6.1
12.7,17.0
3.8,6.3,8.0
2.3,15.3
12.3,14.5
15.2,21.0
3.8,7.1
4.3,26.0
3.4,6.1
13.2,13.4
12.7,14.2
3.8,6.3,8.0
2.0,15.3
12.3,14.5
15.2,21.0
3.8,7.1
12.7,17.0
5.2,5.6
4.7,6.2
6.3,8.5
3.2,5.0
2.3,15.3
12.3,14.5
15.2,21.0
3.8,7.1
12.3,13.8
11.4,14.1
5.2,5.6
4.7,6.2
6.3,8.5
9.3,11.2
11.0,16.0
9.4,11.8
9.4,11.4,13.9
4.3,11.0
3.4,6.1
15.2,15.4
14.7,16.2
14.8,18.5
10.1,11.9
9.7,9.8
12.3,15.7
10.5,13.6
4.3,26.0
26.0,17.3
4.4,26.0,26.0
4.3,6.4
4.3,6.2,26.0
6.1,7.8
5.1,6.4
12.3,15.7
4.4,6.4
10.5,13.6
4.3,26.0
11.4,14.1
26.0,17.3
4.4,26.0,26.0
4.3,6.4
4.3,6.2,26.0
4.8,8.4
3.8,6.3,8.0
5.1,6.4
12.3,15.7
10.5,14.1
12.3,13.8
4.4,6.4,8.5
12.3,12.5,19.5,20.8
12.3,14.6
13.1,14.9
6.3,8.5
12.7,12.8
12.3,15.7
2.7,5.8
10.6,14.1
11.4,14.1
4.4,6.4,8.5
6.3,8.5
4.3,5.9,26.0,26.0
12.7,12.8
5.1,6.9
12.3,15.7
4.4,6.4
10.5,13.6
12.3,13.9
3.4,6.1
12.3,12.5,19.4,20.7
12.3,14.6
13.1,14.9
12.7,12.8
4.8,8.4
12.3,15.7
2.7,5.8
10.6,13.6
3.4,6.1
4.3,5.9,26.0,26.0
12.7,12.8
5.1,6.9
12.3,14.5
15.7,26.0
4.6,6.0
2.4,4.8,17.3
5.2,5.6
4.7,6.2
14.1,15.8
4.4,6.4
12.3,14.5
15.7,26.0
4.6,6.0
11.4,14.1
2.4,4.8,17.3
5.2,5.6
4.7,6.2
14.1,15.8
4.8,8.4
2.3,18.9
12.3,14.5
15.7,26.0
4.6,6.0
12.7,17.0
4.4,6.4,8.5
13.2,13.4
12.7,14.2
6.3,8.5
14.1,15.8
4.5,18.9
12.3,14.5
15.7,26.0
4.6,6.0
11.4,14.1
4.4,6.4,8.5
6.3,8.5
14.1,15.8
4.7,4.8
5.2,5.4
4.7,6.2,7.8
10.8,13.6
9.4,11.8
9.4,11.4,13.9
11.2,16.0
4.3,11.0
3.4,6.1
15.1,15.2
14.7,16.4
15.1,18.1
9.2,9.7
9.7,9.8
2.3,18.9
4.4,6.4
12.3,14.5
15.7,26.0
4.6,6.0
3.4,6.1
12.7,17.0
13.2,13.4
12.7,14.2
14.1,15.8
4.8,8.4
4.5,18.9
12.3,14.5
15.7,26.0
4.6,6.0
3.4,6.1
14.1,15.8
4.7,4.8
5.2,5.4
4.7,6.2,7.8
12.4,14.4
10.5,26.0
12.3,13.8
4.3,6.8,7.8,24.9
12.3,12.6,19.5,20.8
12.3,14.6
13.1,14.9
5.2,5.5
4.7,6.2
12.4,14.4
2.7,5.8
10.6,26.0
11.4,14.1
4.3,6.8,7.8,17.0
5.2,5.5
4.7,6.2
4.3,5.9,26.0,26.0
5.1,6.9
2.3,15.4
12.4,14.4
10.5,26.0
4.3,26.0
12.7,17.0
4.4,26.0,26.0
4.3,6.4
4.3,6.2,26.0
13.2,13.5
12.7,14.2
6.1,7.8
5.1,6.4
4.5,15.3
12.4,14.4
10.6,26.0
4.3,26.0
11.4,14.1
26.0,17.3
4.4,26.0,26.0
4.3,6.4
4.3,6.2,26.0
5.2,5.4
4.7,6.2,7.8
3.8,6.3,8.0
5.1,6.4
2.3,15.2
12.4,14.4
2.7,5.8
10.6,26.0
3.4,6.1
12.7,17.0
13.2,13.4
12.7,14.2
4.3,5.9,26.0,26.0
5.1,6.9
4.5,15.3
12.4,14.4
10.6,26.0
12.3,13.9
3.4,6.1
12.3,12.5,19.4,20.7
12.3,14.6
13.1,14.9
4.7,4.8
5.2,5.4
4.7,6.2,7.8
4.4,6.4
10.5,26.0
12.3,13.9
4.3,6.8,26.0,24.9
12.3,12.6,19.5,20.8
12.3,14.6
13.1,14.9
5.2,5.5
4.7,6.2
4.8,8.4
2.7,5.8
10.6,26.0
4.3,6.8,26.0,17.3
5.2,5.5
4.7,6.2
4.3,5.9,26.0,26.0
5.1,6.9
9.3,11.2
11.0,16.0
9.4,11.8
9.4,11.4,13.9
5.2,5.5
4.7,6.2
3.0,6.2
14.3,16.1,17.6
10.1,11.9
9.7,9.8
2.3,15.4
4.4,6.4
10.5,26.0
4.3,26.0
12.7,17.0
4.4,26.0,26.0
4.3,6.4
4.3,6.2,26.0
13.2,13.5
12.7,14.2
4.8,8.4
3.8,6.3,8.0
5.1,6.4
4.5,15.3
10.6,26.0
4.3,26.0
26.0,17.3
4.4,26.0,26.0
4.3,6.4
4.3,6.2,26.0
5.2,5.4
4.7,6.2,7.8
3.8,6.3,8.0
5.1,6.4
2.3,15.2
2.7,5.8
10.6,26.0
12.7,17.0
4.4,6.4,8.5
13.2,13.4
12.7,14.2
6.3,8.5
4.3,5.9,26.0,26.0
5.1,6.9
4.5,15.3
10.6,26.0
12.3,13.9
4.4,6.4,8.5
12.3,12.5,19.5,20.8
12.3,14.6
13.1,14.9
6.3,8.5
4.7,4.8
5.2,5.4
4.7,6.2,7.8
12.3,15.7
12.4,14.4
2.7,5.8
10.6,26.0
4.3,26.0
3.4,6.1
13.2,13.4
12.7,14.2
12.7,12.8
5.1,6.9
3.8,6.3,8.0
12.3,15.7
12.4,14.4
10.7,26.0
4.3,26.0
3.4,6.1
12.3,12.5,18.6,20.5
12.3,14.6
13.1,14.9
12.7,12.8
5.2,5.4
4.7,6.2,7.8
4.8,8.4
3.8,6.3,8.0
12.3,15.7
12.4,14.4
2.7,5.8
10.6,26.0
12.3,13.8
11.4,14.1
5.2,5.5
4.7,6.2
6.3,8.5
12.7,12.8
5.1,6.9
12.3,15.7
12.4,14.4
10.7,26.0
12.3,12.5,18.6,20.5
12.3,14.6
13.1,14.9
5.2,5.5
4.7,6.2
6.3,8.5
4.3,5.9,26.0,26.0
12.7,12.8
12.3,15.7
12.4,14.4
10.6,26.0
12.3,13.8
11.4,14.1
4.4,26.0,26.0
4.3,6.4
4.3,6.2,26.0
12.7,12.8
5.2,5.4
4.7,6.2,7.8
4.8,8.4
5.1,6.4
12.3,15.7
12.4,14.4
10.6,26.0
4.4,26.0,26.0
4.3,6.4
4.3,6.2,26.0
13.2,13.5
12.7,14.2
4.3,5.9,26.0,26.0
12.7,12.8
5.1,6.4
10.8,16.0
9.4,11.8
9.4,11.4,13.9
5.2,5.5
4.7,6.2
3.0,6.2
15.1,15.2
14.7,16.4
15.1,18.1
8.8,11.3,13.0
9.7,9.8
2.7,5.8
10.6,26.0
4.6,6.0
4.3,6.8,26.0,17.3
4.4,6.4,8.5
13.2,13.4
12.7,14.2
14.1,15.8
5.1,6.9
10.7,26.0
4.6,6.0
4.3,6.8,26.0,17.3
4.4,6.4,8.5
12.3,12.6,18.6,20.5
12.3,14.6
13.1,14.9
14.1,15.8
5.2,5.4
4.7,6.2,7.8
4.8,8.4
2.3,15.4
2.7,5.8
10.6,26.0
4.6,6.0
12.7,17.0
5.2,5.5
4.7,6.2
6.3,8.5
14.1,15.8
5.1,6.9
4.5,15.4
4.4,6.4
10.7,26.0
4.6,6.0
12.3,12.5,18.6,20.5
12.3,14.6
13.1,14.9
5.2,5.5
4.7,6.2
6.3,8.5
14.1,15.8
4.7,4.8
2.3,15.4
10.6,26.0
4.6,6.0
12.7,17.0
4.4,26.0,26.0
4.3,6.4
4.3,6.2,26.0
14.1,15.8
5.2,5.4
4.7,6.2,7.8
4.8,8.4
5.1,6.4
4.5,15.4
4.4,6.4
10.6,26.0
4.6,6.0
4.4,26.0,26.0
4.3,6.4
4.3,6.2,26.0
13.2,13.5
12.7,14.2
14.1,15.8
4.7,4.8
5.1,6.4
2.7,5.8
10.6,14.0
12.3,13.8
11.4,14.1
4.3,6.8,26.0,17.3
4.4,6.4,8.5
5.1,6.9
10.7,14.0
4.3,6.8,26.0,17.3
4.4,6.4,8.5
12.3,12.6,18.6,20.5
12.3,14.6
13.1,14.9
4.3,5.9,26.0,26.0
2.3,15.3
2.7,5.8
10.6,14.0
4.3,26.0
3.4,6.1
12.7,17.0
5.1,6.9
3.8,6.3,8.0
4.5,15.3
4.4,6.4
10.7,14.0
4.3,26.0
3.4,6.1
12.3,12.5,18.6,20.5
12.3,14.6
13.1,14.9
4.7,4.8
3.8,6.3,8.0
10.5,13.6
9.4,11.8
9.4,11.4,13.9
11.2,16.0
4.4,11.0,11.0
4.3,6.4
4.3,6.2,8.3
14.3,16.1,17.6
9.2,9.7
9.7,9.8
2.3,15.3
10.6,14.0
12.7,17.0
4.4,26.0,26.0
4.3,6.4
4.3,6.2,26.0
4.3,5.9,8.1,26.0
5.1,6.4
4.5,15.3
4.4,6.4
10.6,14.0
12.3,13.8
11.4,14.1
4.4,26.0,26.0
4.3,6.4
4.3,6.2,26.0
4.7,4.8
5.1,6.4
12.3,14.5
15.2,26.0
12.3,13.8
11.4,14.1
4.3,6.8,26.0,17.3
4.4,6.4,8.5
5.2,5.4
4.7,6.2,7.8
4.8,8.4
12.3,14.5
15.2,26.0
4.3,6.8,26.0,17.3
4.4,6.4,8.5
13.2,13.4
12.7,14.2
4.3,5.9,26.0,26.0
2.3,15.3
12.3,14.5
15.2,26.0
4.3,26.0
3.4,6.1
12.7,17.0
5.2,5.4
4.7,6.2,7.8
4.8,8.4
3.8,6.3,8.0
4.5,15.3
4.4,6.4
12.3,14.5
15.2,26.0
4.3,26.0
3.4,6.1
13.2,13.4
12.7,14.2
4.7,4.8
3.8,6.3,8.0
2.3,15.3
12.3,14.5
15.2,26.0
12.7,17.0
5.2,5.6
4.7,6.2
6.3,8.5
4.3,5.9,8.1,26.0
4.5,15.3
4.4,6.4
12.3,14.5
15.2,26.0
12.3,13.8
11.4,14.1
5.2,5.6
4.7,6.2
6.3,8.5
4.7,4.8
10.5,16.0
9.4,11.8
9.4,11.4,13.9
4.4,11.0,11.0
4.3,6.4
4.3,6.2,8.3
15.2,15.5
14.7,16.2
14.8,18.5
8.8,11.3,13.0
9.7,9.8
9.3,11.2
11.0,16.0
8.4,11.0
4.3,6.8,7.8,11.0
4.0,6.1
15.2,15.4
14.7,16.2
14.8,18.5
10.1,11.9
11.1,12.8
10.8,13.6
8.4,11.0
11.2,16.0
4.3,6.8,7.8,11.0
4.0,6.1
15.1,15.2
14.7,16.4
15.1,18.1
9.2,9.7
11.1,12.8
2.4,11.0
14.4,21.0
14.3,16.6,18.3
4.0,6.1
3.0,6.2
14.7,14.8
15.2,15.4
14.7,16.2
16.1,17.8
2.1,16.0
9.3,11.2
11.0,16.0
8.4,11.0
5.2,5.5
4.7,6.2
3.0,6.2
14.7,14.8
10.1,11.9
11.1,12.8
9.4,16.0
9.4,11.4
10.8,16.0
8.4,11.0
5.2,5.5
4.7,6.2
3.0,6.2
15.1,15.2
14.7,16.4
15.1,18.1
9.7,9.8
11.1,12.8
2.1,16.0
10.5,13.6
8.4,11.0
11.2,16.0
4.4,11.0,11.0
4.3,6.4
4.3,6.2,8.3
14.7,14.8
9.2,9.7
11.1,12.8
9.4,16.0
9.4,11.4
10.5,16.0
8.4,11.0
4.4,11.0,11.0
4.3,6.4
4.3,6.2,8.3
15.2,15.5
14.7,16.2
14.8,18.5
9.7,9.8
11.1,12.8
9.3,11.2
11.0,16.0
10.2,11.4,16.0
11.3,13.6
4.3,6.8,7.8,11.0
4.0,6.1
14.3,16.1,17.6
10.1,11.9
10.8,16.0
10.2,11.4,16.0
11.3,13.6
4.3,6.8,7.8,11.0
4.0,6.1
15.1,15.2
14.7,16.4
15.1,18.1
8.8,11.3,13.0
2.1,16.0
9.3,11.2
11.0,16.0
10.2,11.4,16.0
11.3,13.6
4.3,11.0
3.4,6.1
14.7,14.8
10.1,11.9
9.4,16.0
9.4,11.4
10.8,16.0
10.2,11.4,16.0
11.3,13.6
4.3,11.0
3.4,6.1
15.1,15.2
14.7,16.4
15.1,18.1
9.7,9.8
2.1,16.0
10.5,16.0
10.2,11.4,16.0
11.3,13.6
4.4,11.0,11.0
4.3,6.4
4.3,6.2,8.3
14.7,14.8
8.8,12.3,12.6
9.4,16.0
9.4,11.4
10.5,16.0
10.2,11.4,16.0
11.3,13.6
4.4,11.0,11.0
4.3,6.4
4.3,6.2,8.3
14.3,16.1,17.6
9.7,9.8
4.5,11.0
14.4,21.0
14.3,16.6,18.3
5.9,21.0
4.0,6.1
3.0,6.2
13.4,16.1
4.7,4.8
4.2,5.2
16.1,17.8
10.5,13.6
9.3,16.0
9.3,11.6,13.3
11.5,16.0
4.3,6.8,7.8,11.0
4.0,6.1
14.3,16.1,17.6
9.2,9.7
10.5,16.0
9.3,16.0
9.3,11.6,13.3
4.3,6.8,7.8,11.0
4.0,6.1
15.2,15.4
14.7,16.2
14.8,18.5
8.8,11.3,13.0
2.1,16.0
10.5,13.6
9.3,16.0
9.3,11.6,13.3
11.5,16.0
4.3,11.0
3.4,6.1
14.7,14.8
9.2,9.7
9.4,16.0
9.4,11.4
10.5,16.0
9.3,16.0
9.3,11.6,13.3
4.3,11.0
3.4,6.1
15.2,15.4
14.7,16.2
14.8,18.5
9.7,9.8
2.1,16.0
10.5,16.0
9.3,16.0
9.3,11.6,13.3
5.2,5.6
4.7,6.2
3.0,6.2
14.7,14.8
8.8,12.3,12.6
9.4,16.0
9.4,11.4
10.5,16.0
9.3,16.0
9.3,11.6,13.3
5.2,5.6
4.7,6.2
3.0,6.2
14.3,16.1,17.6
9.7,9.8
10.5,21.0
4.4,6.8
5.2,6.4
4.7,11.0
4.3,11.0
4.4,11.0,11.0
4.3,6.4
4.3,6.2,8.3
14.8,18.5
4.7,4.8
14.4,16.4
10.5,21.0
4.4,6.8
5.2,6.4
4.7,11.0
4.3,11.0
4.4,11.0,11.0
4.3,6.4
4.3,6.2,8.3
4.7,4.8
5.8,12.0
10.9,21.0
4.4,6.8
5.2,6.4
4.7,11.0
4.0,6.1
3.0,6.2
14.3,15.9
15.1,16.9
4.7,4.8
14.3,16.5
10.5,21.0
4.4,6.8
5.2,6.4
4.7,11.0
4.0,6.1
3.0,6.2
13.8,17.3,17.5
14.7,16.4
4.7,4.8
